01.05.2024 00:00;15.4
01.05.2024 00:10;15.1
01.05.2024 00:20;15
01.05.2024 00:30;14.8
01.05.2024 00:40;14.1
01.05.2024 00:50;14.3
01.05.2024 01:00;14.4
01.05.2024 01:10;14.2
01.05.2024 01:20;14.4
01.05.2024 01:30;13.9
01.05.2024 01:40;14.1
01.05.2024 01:50;13.6
01.05.2024 02:00;13.7
01.05.2024 02:10;13.8
01.05.2024 02:20;14.2
01.05.2024 02:30;13.7
01.05.2024 02:40;13.7
01.05.2024 02:50;13.4
01.05.2024 03:00;13.4
01.05.2024 03:10;12.9
01.05.2024 03:20;13.2
01.05.2024 03:30;12.9
01.05.2024 03:40;13.1
01.05.2024 03:50;13.1
01.05.2024 04:00;12.5
01.05.2024 04:10;12.9
01.05.2024 04:20;13
01.05.2024 04:30;12.9
01.05.2024 04:40;12.7
01.05.2024 04:50;12.4
01.05.2024 05:00;12.4
01.05.2024 05:10;12.7
01.05.2024 05:20;12.7
01.05.2024 05:30;12.7
01.05.2024 05:40;12.9
01.05.2024 05:50;12.8
01.05.2024 06:00;12.8
01.05.2024 06:10;13.1
01.05.2024 06:20;13.4
01.05.2024 06:30;13.5
01.05.2024 06:40;13.6
01.05.2024 06:50;13.7
01.05.2024 07:00;14
01.05.2024 07:10;14.1
01.05.2024 07:20;14.8
01.05.2024 07:30;14.9
01.05.2024 07:40;15.3
01.05.2024 07:50;15.4
01.05.2024 08:00;16
01.05.2024 08:10;16.1
01.05.2024 08:20;16.5
01.05.2024 08:30;16.6
01.05.2024 08:40;16.8
01.05.2024 08:50;17.1
01.05.2024 09:00;17.3
01.05.2024 09:10;17
01.05.2024 09:20;17.2
01.05.2024 09:30;17.3
01.05.2024 09:40;17.2
01.05.2024 09:50;17.8
01.05.2024 10:00;18.2
01.05.2024 10:10;18.3
01.05.2024 10:20;18.6
01.05.2024 10:30;18.8
01.05.2024 10:40;18.3
01.05.2024 10:50;18.9
01.05.2024 11:00;19
01.05.2024 11:10;19.2
01.05.2024 11:20;19.1
01.05.2024 11:30;19.2
01.05.2024 11:40;19.5
01.05.2024 11:50;19.5
01.05.2024 12:00;19.6
01.05.2024 12:10;19.5
01.05.2024 12:20;20
01.05.2024 12:30;20.2
01.05.2024 12:40;20.7
01.05.2024 12:50;21.1
01.05.2024 13:00;21.3
01.05.2024 13:10;21.5
01.05.2024 13:20;21.6
01.05.2024 13:30;21.2
01.05.2024 13:40;21.4
01.05.2024 13:50;21.9
01.05.2024 14:00;21.6
01.05.2024 14:10;22.2
01.05.2024 14:20;22.3
01.05.2024 14:30;22
01.05.2024 14:40;22.8
01.05.2024 14:50;22.7
01.05.2024 15:00;22.6
01.05.2024 15:10;22.3
01.05.2024 15:20;22.4
01.05.2024 15:30;22.2
01.05.2024 15:40;22.2
01.05.2024 15:50;21.9
01.05.2024 16:00;21.5
01.05.2024 16:10;21.5
01.05.2024 16:20;21.2
01.05.2024 16:30;21.1
01.05.2024 16:40;20.9
01.05.2024 16:50;20.7
01.05.2024 17:00;20.5
01.05.2024 17:10;20.4
01.05.2024 17:20;20.1
01.05.2024 17:30;19.9
01.05.2024 17:40;18.8
01.05.2024 17:50;18.2
01.05.2024 18:00;17.5
01.05.2024 18:10;17
01.05.2024 18:20;16.6
01.05.2024 18:30;16.6
01.05.2024 18:40;16.5
01.05.2024 18:50;16.2
01.05.2024 19:00;16.1
01.05.2024 19:10;15.9
01.05.2024 19:20;16
01.05.2024 19:30;15.8
01.05.2024 19:40;15.7
01.05.2024 19:50;15.7
01.05.2024 20:00;15.6
01.05.2024 20:10;15.3
01.05.2024 20:20;15.2
01.05.2024 20:30;15.2
01.05.2024 20:40;15.1
01.05.2024 20:50;14.8
01.05.2024 21:00;14.9
01.05.2024 21:10;14.6
01.05.2024 21:20;14.7
01.05.2024 21:30;14.7
01.05.2024 21:40;14.4
01.05.2024 21:50;14.2
01.05.2024 22:00;14.1
01.05.2024 22:10;14.2
01.05.2024 22:20;14.2
01.05.2024 22:30;14.2
01.05.2024 22:40;14.2
01.05.2024 22:50;14.2
01.05.2024 23:00;14.2
01.05.2024 23:10;13.9
01.05.2024 23:20;14
01.05.2024 23:30;13.9
01.05.2024 23:40;14
01.05.2024 23:50;13.8
02.05.2024 00:00;13.8
02.05.2024 00:10;13.7
02.05.2024 00:20;13.6
02.05.2024 00:30;13.8
02.05.2024 00:40;13.7
02.05.2024 00:50;13.6
02.05.2024 01:00;13.6
02.05.2024 01:10;13.7
02.05.2024 01:20;13.7
02.05.2024 01:30;13.6
02.05.2024 01:40;13.6
02.05.2024 01:50;13.5
02.05.2024 02:00;13.6
02.05.2024 02:10;13.5
02.05.2024 02:20;13.7
02.05.2024 02:30;13.4
02.05.2024 02:40;13.2
02.05.2024 02:50;13
02.05.2024 03:00;13.1
02.05.2024 03:10;13.1
02.05.2024 03:20;12.9
02.05.2024 03:30;12.9
02.05.2024 03:40;12.7
02.05.2024 03:50;12.6
02.05.2024 04:00;12.5
02.05.2024 04:10;12.3
02.05.2024 04:20;12.3
02.05.2024 04:30;12.1
02.05.2024 04:40;12.1
02.05.2024 04:50;12.3
02.05.2024 05:00;12.1
02.05.2024 05:10;12
02.05.2024 05:20;12.1
02.05.2024 05:30;12.2
02.05.2024 05:40;12.6
02.05.2024 05:50;13.4
02.05.2024 06:00;13.9
02.05.2024 06:10;14.3
02.05.2024 06:20;14.7
02.05.2024 06:30;14.9
02.05.2024 06:40;15.2
02.05.2024 06:50;15.5
02.05.2024 07:00;16.1
02.05.2024 07:10;16.7
02.05.2024 07:20;15.5
02.05.2024 07:30;15.5
02.05.2024 07:40;16.8
02.05.2024 07:50;17.1
02.05.2024 08:00;16.9
02.05.2024 08:10;16.8
02.05.2024 08:20;16.9
02.05.2024 08:30;17.1
02.05.2024 08:40;18.5
02.05.2024 08:50;19.1
02.05.2024 09:00;19.7
02.05.2024 09:10;18.1
02.05.2024 09:20;19.1
02.05.2024 09:30;20
02.05.2024 09:40;19.7
02.05.2024 09:50;19.6
02.05.2024 10:00;19.7
02.05.2024 10:10;19.1
02.05.2024 10:20;18.8
02.05.2024 10:30;19.8
02.05.2024 10:40;20.2
02.05.2024 10:50;20.1
02.05.2024 11:00;20.5
02.05.2024 11:10;20.5
02.05.2024 11:20;20.6
02.05.2024 11:30;20.7
02.05.2024 11:40;19.8
02.05.2024 11:50;20
02.05.2024 12:00;20.4
02.05.2024 12:10;20.7
02.05.2024 12:20;20.8
02.05.2024 12:30;21.1
02.05.2024 12:40;20.5
02.05.2024 12:50;20.5
02.05.2024 13:00;20.6
02.05.2024 13:10;20.7
02.05.2024 13:20;21
02.05.2024 13:30;20.9
02.05.2024 13:40;21
02.05.2024 13:50;20.8
02.05.2024 14:00;20.8
02.05.2024 14:10;20.7
02.05.2024 14:20;20
02.05.2024 14:30;20.7
02.05.2024 14:40;21.1
02.05.2024 14:50;20.8
02.05.2024 15:00;20.6
02.05.2024 15:10;20.5
02.05.2024 15:20;20.7
02.05.2024 15:30;20.6
02.05.2024 15:40;20.6
02.05.2024 15:50;20.4
02.05.2024 16:00;20.3
02.05.2024 16:10;20.2
02.05.2024 16:20;20.1
02.05.2024 16:30;20
02.05.2024 16:40;19.6
02.05.2024 16:50;19.5
02.05.2024 17:00;19.2
02.05.2024 17:10;19.1
02.05.2024 17:20;19.2
02.05.2024 17:30;19.1
02.05.2024 17:40;18.9
02.05.2024 17:50;18.6
02.05.2024 18:00;18.1
02.05.2024 18:10;17.9
02.05.2024 18:20;17.6
02.05.2024 18:30;17.6
02.05.2024 18:40;17.3
02.05.2024 18:50;16.8
02.05.2024 19:00;16.9
02.05.2024 19:10;16.6
02.05.2024 19:20;16.6
02.05.2024 19:30;16.9
02.05.2024 19:40;16.6
02.05.2024 19:50;16.7
02.05.2024 20:00;16.5
02.05.2024 20:10;16.1
02.05.2024 20:20;15.6
02.05.2024 20:30;15.7
02.05.2024 20:40;15.8
02.05.2024 20:50;15.5
02.05.2024 21:00;15.8
02.05.2024 21:10;14.4
02.05.2024 21:20;15
02.05.2024 21:30;15.1
02.05.2024 21:40;14.7
02.05.2024 21:50;14.4
02.05.2024 22:00;13.9
02.05.2024 22:10;13.6
02.05.2024 22:20;13.3
02.05.2024 22:30;13.1
02.05.2024 22:40;12.8
02.05.2024 22:50;12.6
02.05.2024 23:00;12.4
02.05.2024 23:10;12.2
02.05.2024 23:20;12
02.05.2024 23:30;12
02.05.2024 23:40;11.9
02.05.2024 23:50;11.9
03.05.2024 00:00;11.8
03.05.2024 00:10;11.6
03.05.2024 00:20;11.4
03.05.2024 00:30;11.4
03.05.2024 00:40;11.2
03.05.2024 00:50;11.2
03.05.2024 01:00;11.2
03.05.2024 01:10;11
03.05.2024 01:20;10.9
03.05.2024 01:30;10.9
03.05.2024 01:40;10.9
03.05.2024 01:50;11
03.05.2024 02:00;10.9
03.05.2024 02:10;10.9
03.05.2024 02:20;10.8
03.05.2024 02:30;10.8
03.05.2024 02:40;10.8
03.05.2024 02:50;10.7
03.05.2024 03:00;10.5
03.05.2024 03:10;10.5
03.05.2024 03:20;10.5
03.05.2024 03:30;10.5
03.05.2024 03:40;10.4
03.05.2024 03:50;10.3
03.05.2024 04:00;10.2
03.05.2024 04:10;10
03.05.2024 04:20;9.8
03.05.2024 04:30;9.6
03.05.2024 04:40;9.6
03.05.2024 04:50;9.3
03.05.2024 05:00;9.3
03.05.2024 05:10;9.1
03.05.2024 05:20;9.2
03.05.2024 05:30;9.1
03.05.2024 05:40;8.7
03.05.2024 05:50;8.7
03.05.2024 06:00;8.6
03.05.2024 06:10;8.6
03.05.2024 06:20;8.4
03.05.2024 06:30;8.4
03.05.2024 06:40;8.5
03.05.2024 06:50;8.6
03.05.2024 07:00;8.7
03.05.2024 07:10;8.7
03.05.2024 07:20;8.8
03.05.2024 07:30;8.9
03.05.2024 07:40;8.8
03.05.2024 07:50;8.8
03.05.2024 08:00;8.8
03.05.2024 08:10;8.7
03.05.2024 08:20;8.8
03.05.2024 08:30;8.7
03.05.2024 08:40;8.7
03.05.2024 08:50;8.8
03.05.2024 09:00;8.8
03.05.2024 09:10;8.8
03.05.2024 09:20;8.8
03.05.2024 09:30;8.7
03.05.2024 09:40;8.8
03.05.2024 09:50;8.8
03.05.2024 10:00;8.7
03.05.2024 10:10;8.8
03.05.2024 10:20;8.8
03.05.2024 10:30;8.7
03.05.2024 10:40;8.7
03.05.2024 10:50;8.7
03.05.2024 11:00;8.8
03.05.2024 11:10;8.8
03.05.2024 11:20;8.8
03.05.2024 11:30;8.8
03.05.2024 11:40;8.9
03.05.2024 11:50;8.9
03.05.2024 12:00;9
03.05.2024 12:10;9.1
03.05.2024 12:20;9.2
03.05.2024 12:30;9.1
03.05.2024 12:40;9.2
03.05.2024 12:50;9.3
03.05.2024 13:00;9.3
03.05.2024 13:10;9.1
03.05.2024 13:20;9.1
03.05.2024 13:30;9
03.05.2024 13:40;9.1
03.05.2024 13:50;9.2
03.05.2024 14:00;9.1
03.05.2024 14:10;9
03.05.2024 14:20;8.9
03.05.2024 14:30;8.9
03.05.2024 14:40;8.8
03.05.2024 14:50;8.7
03.05.2024 15:00;8.6
03.05.2024 15:10;8.5
03.05.2024 15:20;8.4
03.05.2024 15:30;8.4
03.05.2024 15:40;8.3
03.05.2024 15:50;8.2
03.05.2024 16:00;8.1
03.05.2024 16:10;8.2
03.05.2024 16:20;8.2
03.05.2024 16:30;8.2
03.05.2024 16:40;8.2
03.05.2024 16:50;8.1
03.05.2024 17:00;8.1
03.05.2024 17:10;8.1
03.05.2024 17:20;8.1
03.05.2024 17:30;8.1
03.05.2024 17:40;8.1
03.05.2024 17:50;8.1
03.05.2024 18:00;8
03.05.2024 18:10;7.9
03.05.2024 18:20;7.9
03.05.2024 18:30;7.8
03.05.2024 18:40;7.8
03.05.2024 18:50;7.7
03.05.2024 19:00;7.6
03.05.2024 19:10;7.6
03.05.2024 19:20;7.6
03.05.2024 19:30;7.6
03.05.2024 19:40;7.6
03.05.2024 19:50;7.6
03.05.2024 20:00;7.6
03.05.2024 20:10;7.6
03.05.2024 20:20;7.5
03.05.2024 20:30;7.5
03.05.2024 20:40;7.5
03.05.2024 20:50;7.5
03.05.2024 21:00;7.5
03.05.2024 21:10;7.5
03.05.2024 21:20;7.5
03.05.2024 21:30;7.4
03.05.2024 21:40;7.4
03.05.2024 21:50;7.4
03.05.2024 22:00;7.3
03.05.2024 22:10;7.3
03.05.2024 22:20;7.3
03.05.2024 22:30;7.3
03.05.2024 22:40;7.4
03.05.2024 22:50;7.4
03.05.2024 23:00;7.4
03.05.2024 23:10;7.3
03.05.2024 23:20;7.4
03.05.2024 23:30;7.4
03.05.2024 23:40;7.3
03.05.2024 23:50;7.3
04.05.2024 00:00;7.3
04.05.2024 00:10;7.4
04.05.2024 00:20;7.3
04.05.2024 00:30;7.3
04.05.2024 00:40;7.3
04.05.2024 00:50;7.4
04.05.2024 01:00;7.4
04.05.2024 01:10;7.3
04.05.2024 01:20;7.4
04.05.2024 01:30;7.4
04.05.2024 01:40;7.4
04.05.2024 01:50;7.4
04.05.2024 02:00;7.4
04.05.2024 02:10;7.4
04.05.2024 02:20;7.5
04.05.2024 02:30;7.4
04.05.2024 02:40;7.4
04.05.2024 02:50;7.4
04.05.2024 03:00;7.4
04.05.2024 03:10;7.2
04.05.2024 03:20;7.2
04.05.2024 03:30;7.2
04.05.2024 03:40;7.2
04.05.2024 03:50;7.2
04.05.2024 04:00;7.2
04.05.2024 04:10;7.2
04.05.2024 04:20;7.2
04.05.2024 04:30;7.3
04.05.2024 04:40;7.3
04.05.2024 04:50;7.3
04.05.2024 05:00;7.4
04.05.2024 05:10;7.5
04.05.2024 05:20;7.6
04.05.2024 05:30;7.7
04.05.2024 05:40;7.8
04.05.2024 05:50;7.9
04.05.2024 06:00;8
04.05.2024 06:10;8
04.05.2024 06:20;8.3
04.05.2024 06:30;9
04.05.2024 06:40;9.4
04.05.2024 06:50;9.6
04.05.2024 07:00;11
04.05.2024 07:10;11.3
04.05.2024 07:20;10.9
04.05.2024 07:30;10.6
04.05.2024 07:40;9.9
04.05.2024 07:50;9.7
04.05.2024 08:00;9.9
04.05.2024 08:10;10.3
04.05.2024 08:20;10.7
04.05.2024 08:30;10.3
04.05.2024 08:40;10.8
04.05.2024 08:50;10.5
04.05.2024 09:00;10.9
04.05.2024 09:10;11.4
04.05.2024 09:20;11.5
04.05.2024 09:30;11.3
04.05.2024 09:40;11.4
04.05.2024 09:50;11.3
04.05.2024 10:00;11.8
04.05.2024 10:10;11.8
04.05.2024 10:20;11.8
04.05.2024 10:30;11.8
04.05.2024 10:40;11.8
04.05.2024 10:50;12.4
04.05.2024 11:00;12.3
04.05.2024 11:10;12.4
04.05.2024 11:20;12.4
04.05.2024 11:30;12.3
04.05.2024 11:40;12.6
04.05.2024 11:50;12.8
04.05.2024 12:00;13
04.05.2024 12:10;13
04.05.2024 12:20;13.3
04.05.2024 12:30;13.1
04.05.2024 12:40;13.5
04.05.2024 12:50;13.6
04.05.2024 13:00;13.4
04.05.2024 13:10;13.7
04.05.2024 13:20;13.7
04.05.2024 13:30;13.8
04.05.2024 13:40;14
04.05.2024 13:50;14.6
04.05.2024 14:00;14.4
04.05.2024 14:10;14.4
04.05.2024 14:20;14.5
04.05.2024 14:30;14.6
04.05.2024 14:40;14.7
04.05.2024 14:50;14.7
04.05.2024 15:00;14.9
04.05.2024 15:10;14.6
04.05.2024 15:20;14.5
04.05.2024 15:30;15
04.05.2024 15:40;15.1
04.05.2024 15:50;14.7
04.05.2024 16:00;15
04.05.2024 16:10;15.1
04.05.2024 16:20;15.2
04.05.2024 16:30;15.1
04.05.2024 16:40;15
04.05.2024 16:50;15
04.05.2024 17:00;14.9
04.05.2024 17:10;14.7
04.05.2024 17:20;14.5
04.05.2024 17:30;14.3
04.05.2024 17:40;14.2
04.05.2024 17:50;14.1
04.05.2024 18:00;13.9
04.05.2024 18:10;14
04.05.2024 18:20;13.8
04.05.2024 18:30;13.6
04.05.2024 18:40;13.7
04.05.2024 18:50;13.7
04.05.2024 19:00;13.9
04.05.2024 19:10;13.9
04.05.2024 19:20;13.8
04.05.2024 19:30;13.6
04.05.2024 19:40;13.8
04.05.2024 19:50;13.9
04.05.2024 20:00;13.8
04.05.2024 20:10;13.8
04.05.2024 20:20;13.6
04.05.2024 20:30;13.7
04.05.2024 20:40;13.7
04.05.2024 20:50;13.7
04.05.2024 21:00;13.6
04.05.2024 21:10;13.4
04.05.2024 21:20;13.4
04.05.2024 21:30;13.2
04.05.2024 21:40;13
04.05.2024 21:50;12.8
04.05.2024 22:00;12.8
04.05.2024 22:10;12.7
04.05.2024 22:20;12.6
04.05.2024 22:30;12.4
04.05.2024 22:40;12.4
04.05.2024 22:50;12.3
04.05.2024 23:00;12.2
04.05.2024 23:10;12.1
04.05.2024 23:20;12.1
04.05.2024 23:30;11.5
04.05.2024 23:40;11.9
04.05.2024 23:50;11.9
05.05.2024 00:00;11.9
05.05.2024 00:10;11.6
05.05.2024 00:20;11.6
05.05.2024 00:30;11.6
05.05.2024 00:40;11.5
05.05.2024 00:50;12.3
05.05.2024 01:00;13.1
05.05.2024 01:10;13.4
05.05.2024 01:20;13.4
05.05.2024 01:30;12.4
05.05.2024 01:40;12.8
05.05.2024 01:50;12.6
05.05.2024 02:00;12.6
05.05.2024 02:10;12.6
05.05.2024 02:20;12.4
05.05.2024 02:30;12.2
05.05.2024 02:40;12.3
05.05.2024 02:50;12.1
05.05.2024 03:00;12.2
05.05.2024 03:10;12.2
05.05.2024 03:20;12.2
05.05.2024 03:30;12
05.05.2024 03:40;11.7
05.05.2024 03:50;11.6
05.05.2024 04:00;12.2
05.05.2024 04:10;12.1
05.05.2024 04:20;12.4
05.05.2024 04:30;12.7
05.05.2024 04:40;13.3
05.05.2024 04:50;13.6
05.05.2024 05:00;13.8
05.05.2024 05:10;15
05.05.2024 05:20;14.9
05.05.2024 05:30;14.7
05.05.2024 05:40;15
05.05.2024 05:50;13.3
05.05.2024 06:00;13
05.05.2024 06:10;13.9
05.05.2024 06:20;13.8
05.05.2024 06:30;14.1
05.05.2024 06:40;14.4
05.05.2024 06:50;14.5
05.05.2024 07:00;14.7
05.05.2024 07:10;15
05.05.2024 07:20;15
05.05.2024 07:30;14.8
05.05.2024 07:40;14.7
05.05.2024 07:50;15.1
05.05.2024 08:00;15.2
05.05.2024 08:10;15.5
05.05.2024 08:20;14.9
05.05.2024 08:30;14.7
05.05.2024 08:40;14.7
05.05.2024 08:50;15.1
05.05.2024 09:00;15.7
05.05.2024 09:10;15.9
05.05.2024 09:20;15.9
05.05.2024 09:30;16
05.05.2024 09:40;16.3
05.05.2024 09:50;16.2
05.05.2024 10:00;16.8
05.05.2024 10:10;16.3
05.05.2024 10:20;16.4
05.05.2024 10:30;16.9
05.05.2024 10:40;17
05.05.2024 10:50;17.6
05.05.2024 11:00;17.1
05.05.2024 11:10;17.5
05.05.2024 11:20;17.5
05.05.2024 11:30;17.6
05.05.2024 11:40;17.9
05.05.2024 11:50;18
05.05.2024 12:00;17.9
05.05.2024 12:10;17.9
05.05.2024 12:20;18
05.05.2024 12:30;18.5
05.05.2024 12:40;18.4
05.05.2024 12:50;18.5
05.05.2024 13:00;18.2
05.05.2024 13:10;18.2
05.05.2024 13:20;18.4
05.05.2024 13:30;18.6
05.05.2024 13:40;18.3
05.05.2024 13:50;19
05.05.2024 14:00;18.6
05.05.2024 14:10;18
05.05.2024 14:20;18
05.05.2024 14:30;18.4
05.05.2024 14:40;18.9
05.05.2024 14:50;18.7
05.05.2024 15:00;18.8
05.05.2024 15:10;18.6
05.05.2024 15:20;17.8
05.05.2024 15:30;17.9
05.05.2024 15:40;17.6
05.05.2024 15:50;17.6
05.05.2024 16:00;18
05.05.2024 16:10;18.1
05.05.2024 16:20;18.1
05.05.2024 16:30;18.4
05.05.2024 16:40;18.1
05.05.2024 16:50;17.9
05.05.2024 17:00;17.9
05.05.2024 17:10;17.5
05.05.2024 17:20;17.7
05.05.2024 17:30;17.2
05.05.2024 17:40;17.2
05.05.2024 17:50;16.7
05.05.2024 18:00;16.1
05.05.2024 18:10;16
05.05.2024 18:20;15.7
05.05.2024 18:30;15.7
05.05.2024 18:40;15.7
05.05.2024 18:50;15.5
05.05.2024 19:00;16.1
05.05.2024 19:10;15.7
05.05.2024 19:20;15.7
05.05.2024 19:30;15.8
05.05.2024 19:40;15.8
05.05.2024 19:50;15.8
05.05.2024 20:00;15.6
05.05.2024 20:10;15.7
05.05.2024 20:20;15.4
05.05.2024 20:30;15.5
05.05.2024 20:40;15.3
05.05.2024 20:50;15.4
05.05.2024 21:00;14.9
05.05.2024 21:10;14.7
05.05.2024 21:20;14.8
05.05.2024 21:30;14.7
05.05.2024 21:40;14.9
05.05.2024 21:50;14.8
05.05.2024 22:00;14.8
05.05.2024 22:10;14.8
05.05.2024 22:20;14.4
05.05.2024 22:30;15
05.05.2024 22:40;15
05.05.2024 22:50;15.1
05.05.2024 23:00;15.2
05.05.2024 23:10;15.1
05.05.2024 23:20;15.2
05.05.2024 23:30;15
05.05.2024 23:40;14.8
05.05.2024 23:50;14.8
06.05.2024 00:00;14.7
06.05.2024 00:10;14.5
06.05.2024 00:20;13.9
06.05.2024 00:30;14
06.05.2024 00:40;13.9
06.05.2024 00:50;14.1
06.05.2024 01:00;14.1
06.05.2024 01:10;14.1
06.05.2024 01:20;14.1
06.05.2024 01:30;14.1
06.05.2024 01:40;14
06.05.2024 01:50;13.5
06.05.2024 02:00;13.9
06.05.2024 02:10;13.8
06.05.2024 02:20;13.5
06.05.2024 02:30;13.1
06.05.2024 02:40;13.2
06.05.2024 02:50;13.1
06.05.2024 03:00;12.8
06.05.2024 03:10;12.9
06.05.2024 03:20;12.7
06.05.2024 03:30;12.2
06.05.2024 03:40;12.1
06.05.2024 03:50;12.4
06.05.2024 04:00;12.6
06.05.2024 04:10;12.8
06.05.2024 04:20;12.6
06.05.2024 04:30;12.9
06.05.2024 04:40;13.1
06.05.2024 04:50;13.2
06.05.2024 05:00;13.5
06.05.2024 05:10;13.7
06.05.2024 05:20;13.6
06.05.2024 05:30;14.4
06.05.2024 05:40;14.2
06.05.2024 05:50;14.4
06.05.2024 06:00;14.6
06.05.2024 06:10;14.6
06.05.2024 06:20;14.5
06.05.2024 06:30;14.7
06.05.2024 06:40;14.8
06.05.2024 06:50;15.1
06.05.2024 07:00;15.2
06.05.2024 07:10;16
06.05.2024 07:20;16.3
06.05.2024 07:30;16
06.05.2024 07:40;16.3
06.05.2024 07:50;16.9
06.05.2024 08:00;16.8
06.05.2024 08:10;16.8
06.05.2024 08:20;17.4
06.05.2024 08:30;17.6
06.05.2024 08:40;17.7
06.05.2024 08:50;17.8
06.05.2024 09:00;18.3
06.05.2024 09:10;18.1
06.05.2024 09:20;18.6
06.05.2024 09:30;18.5
06.05.2024 09:40;18.7
06.05.2024 09:50;18.9
06.05.2024 10:00;19.2
06.05.2024 10:10;18.8
06.05.2024 10:20;19.4
06.05.2024 10:30;19.2
06.05.2024 10:40;19.5
06.05.2024 10:50;20
06.05.2024 11:00;19.7
06.05.2024 11:10;20.1
06.05.2024 11:20;20.2
06.05.2024 11:30;20.9
06.05.2024 11:40;21
06.05.2024 11:50;20.5
06.05.2024 12:00;20.4
06.05.2024 12:10;20.4
06.05.2024 12:20;20.7
06.05.2024 12:30;20.7
06.05.2024 12:40;20.9
06.05.2024 12:50;21
06.05.2024 13:00;20.8
06.05.2024 13:10;20.7
06.05.2024 13:20;20.4
06.05.2024 13:30;20.7
06.05.2024 13:40;20.6
06.05.2024 13:50;20.7
06.05.2024 14:00;20.6
06.05.2024 14:10;21.2
06.05.2024 14:20;20.9
06.05.2024 14:30;20.4
06.05.2024 14:40;20.3
06.05.2024 14:50;20
06.05.2024 15:00;20
06.05.2024 15:10;19.8
06.05.2024 15:20;19.1
06.05.2024 15:30;18.9
06.05.2024 15:40;19.1
06.05.2024 15:50;18.9
06.05.2024 16:00;18.8
06.05.2024 16:10;19
06.05.2024 16:20;18.9
06.05.2024 16:30;18.8
06.05.2024 16:40;18.8
06.05.2024 16:50;18.7
06.05.2024 17:00;16.9
06.05.2024 17:10;16.9
06.05.2024 17:20;15.8
06.05.2024 17:30;14.4
06.05.2024 17:40;11.3
06.05.2024 17:50;10.4
06.05.2024 18:00;10.3
06.05.2024 18:10;10.5
06.05.2024 18:20;10.5
06.05.2024 18:30;10.5
06.05.2024 18:40;10.4
06.05.2024 18:50;10.5
06.05.2024 19:00;10.5
06.05.2024 19:10;10.6
06.05.2024 19:20;10.7
06.05.2024 19:30;10.7
06.05.2024 19:40;10.7
06.05.2024 19:50;10.7
06.05.2024 20:00;10.8
06.05.2024 20:10;10.7
06.05.2024 20:20;10.6
06.05.2024 20:30;10.5
06.05.2024 20:40;10.4
06.05.2024 20:50;10.3
06.05.2024 21:00;10.2
06.05.2024 21:10;10.3
06.05.2024 21:20;10.3
06.05.2024 21:30;10.4
06.05.2024 21:40;10.4
06.05.2024 21:50;10.4
06.05.2024 22:00;10.5
06.05.2024 22:10;10.5
06.05.2024 22:20;10.5
06.05.2024 22:30;10.5
06.05.2024 22:40;10.5
06.05.2024 22:50;10.6
06.05.2024 23:00;10.6
06.05.2024 23:10;10.6
06.05.2024 23:20;10.4
06.05.2024 23:30;10.2
06.05.2024 23:40;10.1
06.05.2024 23:50;10.1
07.05.2024 00:00;10.1
07.05.2024 00:10;10.1
07.05.2024 00:20;10.3
07.05.2024 00:30;10.3
07.05.2024 00:40;10.2
07.05.2024 00:50;10.3
07.05.2024 01:00;10.3
07.05.2024 01:10;10.3
07.05.2024 01:20;10.3
07.05.2024 01:30;10.2
07.05.2024 01:40;10.2
07.05.2024 01:50;10.1
07.05.2024 02:00;10.1
07.05.2024 02:10;10.1
07.05.2024 02:20;10.1
07.05.2024 02:30;10
07.05.2024 02:40;10
07.05.2024 02:50;9.9
07.05.2024 03:00;9.9
07.05.2024 03:10;9.8
07.05.2024 03:20;9.8
07.05.2024 03:30;9.8
07.05.2024 03:40;9.8
07.05.2024 03:50;9.9
07.05.2024 04:00;10
07.05.2024 04:10;10
07.05.2024 04:20;10
07.05.2024 04:30;10
07.05.2024 04:40;10
07.05.2024 04:50;10
07.05.2024 05:00;10.1
07.05.2024 05:10;10.1
07.05.2024 05:20;10.2
07.05.2024 05:30;10.2
07.05.2024 05:40;10.4
07.05.2024 05:50;10.5
07.05.2024 06:00;10.6
07.05.2024 06:10;10.6
07.05.2024 06:20;10.7
07.05.2024 06:30;10.7
07.05.2024 06:40;10.8
07.05.2024 06:50;10.9
07.05.2024 07:00;11
07.05.2024 07:10;11
07.05.2024 07:20;11
07.05.2024 07:30;11.2
07.05.2024 07:40;11.3
07.05.2024 07:50;11.4
07.05.2024 08:00;11.5
07.05.2024 08:10;11.6
07.05.2024 08:20;11.6
07.05.2024 08:30;11.9
07.05.2024 08:40;12.2
07.05.2024 08:50;12.2
07.05.2024 09:00;12.4
07.05.2024 09:10;12.4
07.05.2024 09:20;12.5
07.05.2024 09:30;12.8
07.05.2024 09:40;12.8
07.05.2024 09:50;13.4
07.05.2024 10:00;13.9
07.05.2024 10:10;14
07.05.2024 10:20;13.4
07.05.2024 10:30;13.9
07.05.2024 10:40;14
07.05.2024 10:50;14.4
07.05.2024 11:00;14.3
07.05.2024 11:10;14.4
07.05.2024 11:20;14.3
07.05.2024 11:30;14.7
07.05.2024 11:40;14.3
07.05.2024 11:50;13.9
07.05.2024 12:00;13.8
07.05.2024 12:10;14
07.05.2024 12:20;13.9
07.05.2024 12:30;14
07.05.2024 12:40;14.2
07.05.2024 12:50;14.3
07.05.2024 13:00;14.5
07.05.2024 13:10;14.6
07.05.2024 13:20;14.5
07.05.2024 13:30;14.7
07.05.2024 13:40;14.6
07.05.2024 13:50;15.1
07.05.2024 14:00;15.2
07.05.2024 14:10;15.1
07.05.2024 14:20;15.3
07.05.2024 14:30;15.2
07.05.2024 14:40;15.1
07.05.2024 14:50;15.2
07.05.2024 15:00;15
07.05.2024 15:10;15.1
07.05.2024 15:20;14.9
07.05.2024 15:30;14.8
07.05.2024 15:40;14.7
07.05.2024 15:50;14.7
07.05.2024 16:00;14.8
07.05.2024 16:10;14.7
07.05.2024 16:20;14.4
07.05.2024 16:30;14.4
07.05.2024 16:40;14
07.05.2024 16:50;13.8
07.05.2024 17:00;13.7
07.05.2024 17:10;13.6
07.05.2024 17:20;13.5
07.05.2024 17:30;13.4
07.05.2024 17:40;13.3
07.05.2024 17:50;13.2
07.05.2024 18:00;13.1
07.05.2024 18:10;13
07.05.2024 18:20;13.1
07.05.2024 18:30;13
07.05.2024 18:40;12.9
07.05.2024 18:50;12.6
07.05.2024 19:00;12.4
07.05.2024 19:10;12.3
07.05.2024 19:20;12.2
07.05.2024 19:30;12.1
07.05.2024 19:40;12
07.05.2024 19:50;11.9
07.05.2024 20:00;11.8
07.05.2024 20:10;11.7
07.05.2024 20:20;11.5
07.05.2024 20:30;11.5
07.05.2024 20:40;11.4
07.05.2024 20:50;11.4
07.05.2024 21:00;11.3
07.05.2024 21:10;11.4
07.05.2024 21:20;11.3
07.05.2024 21:30;11.3
07.05.2024 21:40;11.2
07.05.2024 21:50;11.2
07.05.2024 22:00;11.1
07.05.2024 22:10;11.1
07.05.2024 22:20;11.1
07.05.2024 22:30;11.1
07.05.2024 22:40;11
07.05.2024 22:50;11
07.05.2024 23:00;10.9
07.05.2024 23:10;10.9
07.05.2024 23:20;10.9
07.05.2024 23:30;10.9
07.05.2024 23:40;10.9
07.05.2024 23:50;10.8
08.05.2024 00:00;10.8
08.05.2024 00:10;10.8
08.05.2024 00:20;10.7
08.05.2024 00:30;10.7
08.05.2024 00:40;10.6
08.05.2024 00:50;10.5
08.05.2024 01:00;10.4
08.05.2024 01:10;10.5
08.05.2024 01:20;10.4
08.05.2024 01:30;10.4
08.05.2024 01:40;10.4
08.05.2024 01:50;10.3
08.05.2024 02:00;10.3
08.05.2024 02:10;10.3
08.05.2024 02:20;10.2
08.05.2024 02:30;10.1
08.05.2024 02:40;10.1
08.05.2024 02:50;10
08.05.2024 03:00;10
08.05.2024 03:10;10
08.05.2024 03:20;9.9
08.05.2024 03:30;9.9
08.05.2024 03:40;9.8
08.05.2024 03:50;9.8
08.05.2024 04:00;9.8
08.05.2024 04:10;9.8
08.05.2024 04:20;9.8
08.05.2024 04:30;9.8
08.05.2024 04:40;9.8
08.05.2024 04:50;9.8
08.05.2024 05:00;9.7
08.05.2024 05:10;9.7
08.05.2024 05:20;9.6
08.05.2024 05:30;9.6
08.05.2024 05:40;9.6
08.05.2024 05:50;9.6
08.05.2024 06:00;9.7
08.05.2024 06:10;9.7
08.05.2024 06:20;9.8
08.05.2024 06:30;9.8
08.05.2024 06:40;9.9
08.05.2024 06:50;10.1
08.05.2024 07:00;10
08.05.2024 07:10;10
08.05.2024 07:20;9.9
08.05.2024 07:30;10
08.05.2024 07:40;10
08.05.2024 07:50;10
08.05.2024 08:00;10.1
08.05.2024 08:10;10.1
08.05.2024 08:20;10.2
08.05.2024 08:30;10.2
08.05.2024 08:40;10.2
08.05.2024 08:50;10.3
08.05.2024 09:00;10.3
08.05.2024 09:10;10.4
08.05.2024 09:20;10.5
08.05.2024 09:30;10.8
08.05.2024 09:40;10.9
08.05.2024 09:50;10.9
08.05.2024 10:00;10.7
08.05.2024 10:10;10.7
08.05.2024 10:20;10.6
08.05.2024 10:30;10.5
08.05.2024 10:40;10.8
08.05.2024 10:50;11.1
08.05.2024 11:00;11.2
08.05.2024 11:10;11.4
08.05.2024 11:20;11.2
08.05.2024 11:30;11.2
08.05.2024 11:40;10.8
08.05.2024 11:50;10.7
08.05.2024 12:00;10.7
08.05.2024 12:10;10.8
08.05.2024 12:20;10.8
08.05.2024 12:30;11.3
08.05.2024 12:40;11.3
08.05.2024 12:50;11.7
08.05.2024 13:00;11.9
08.05.2024 13:10;12
08.05.2024 13:20;11.8
08.05.2024 13:30;11.6
08.05.2024 13:40;11.5
08.05.2024 13:50;11.4
08.05.2024 14:00;11.4
08.05.2024 14:10;11.4
08.05.2024 14:20;11.3
08.05.2024 14:30;11.4
08.05.2024 14:40;11.4
08.05.2024 14:50;11.3
08.05.2024 15:00;11.3
08.05.2024 15:10;11.2
08.05.2024 15:20;11.2
08.05.2024 15:30;11.2
08.05.2024 15:40;11.2
08.05.2024 15:50;11.2
08.05.2024 16:00;11.2
08.05.2024 16:10;11.4
08.05.2024 16:20;11.3
08.05.2024 16:30;11.3
08.05.2024 16:40;11.3
08.05.2024 16:50;11.3
08.05.2024 17:00;11.3
08.05.2024 17:10;11.2
08.05.2024 17:20;11.1
08.05.2024 17:30;11.1
08.05.2024 17:40;11.1
08.05.2024 17:50;10.8
08.05.2024 18:00;10.7
08.05.2024 18:10;10.7
08.05.2024 18:20;10.7
08.05.2024 18:30;10.6
08.05.2024 18:40;10.6
08.05.2024 18:50;10.5
08.05.2024 19:00;10.6
08.05.2024 19:10;10.6
08.05.2024 19:20;10.6
08.05.2024 19:30;10.6
08.05.2024 19:40;10.7
08.05.2024 19:50;10.7
08.05.2024 20:00;10.7
08.05.2024 20:10;10.6
08.05.2024 20:20;10.6
08.05.2024 20:30;10.7
08.05.2024 20:40;10.6
08.05.2024 20:50;10.6
08.05.2024 21:00;10.6
08.05.2024 21:10;10.6
08.05.2024 21:20;10.5
08.05.2024 21:30;10.5
08.05.2024 21:40;10.5
08.05.2024 21:50;10.6
08.05.2024 22:00;10.6
08.05.2024 22:10;10.5
08.05.2024 22:20;10.5
08.05.2024 22:30;10.4
08.05.2024 22:40;10.7
08.05.2024 22:50;10.6
08.05.2024 23:00;10.7
08.05.2024 23:10;10.6
08.05.2024 23:20;10.6
08.05.2024 23:30;10.5
08.05.2024 23:40;10.5
08.05.2024 23:50;10.3
09.05.2024 00:00;10.4
09.05.2024 00:10;10.4
09.05.2024 00:20;10.3
09.05.2024 00:30;10.3
09.05.2024 00:40;10.2
09.05.2024 00:50;10.2
09.05.2024 01:00;10.1
09.05.2024 01:10;10.1
09.05.2024 01:20;10.2
09.05.2024 01:30;10.1
09.05.2024 01:40;10.1
09.05.2024 01:50;10.1
09.05.2024 02:00;10
09.05.2024 02:10;10
09.05.2024 02:20;10
09.05.2024 02:30;10.1
09.05.2024 02:40;10
09.05.2024 02:50;9.8
09.05.2024 03:00;9.8
09.05.2024 03:10;10
09.05.2024 03:20;9.9
09.05.2024 03:30;9.7
09.05.2024 03:40;9.5
09.05.2024 03:50;9.8
09.05.2024 04:00;9.9
09.05.2024 04:10;10.1
09.05.2024 04:20;10.2
09.05.2024 04:30;10.2
09.05.2024 04:40;10.3
09.05.2024 04:50;10.4
09.05.2024 05:00;10.3
09.05.2024 05:10;10.1
09.05.2024 05:20;10.1
09.05.2024 05:30;10.3
09.05.2024 05:40;10.3
09.05.2024 05:50;10.3
09.05.2024 06:00;10.3
09.05.2024 06:10;10.3
09.05.2024 06:20;10.2
09.05.2024 06:30;10.3
09.05.2024 06:40;10.4
09.05.2024 06:50;10.5
09.05.2024 07:00;10.7
09.05.2024 07:10;10.8
09.05.2024 07:20;11.1
09.05.2024 07:30;11.5
09.05.2024 07:40;11.7
09.05.2024 07:50;12.1
09.05.2024 08:00;12.5
09.05.2024 08:10;12.2
09.05.2024 08:20;12.5
09.05.2024 08:30;12.4
09.05.2024 08:40;13
09.05.2024 08:50;12
09.05.2024 09:00;12.3
09.05.2024 09:10;12.7
09.05.2024 09:20;12.7
09.05.2024 09:30;12.6
09.05.2024 09:40;12.5
09.05.2024 09:50;12.7
09.05.2024 10:00;13.2
09.05.2024 10:10;13.2
09.05.2024 10:20;13.4
09.05.2024 10:30;13.9
09.05.2024 10:40;13.7
09.05.2024 10:50;13.8
09.05.2024 11:00;13.9
09.05.2024 11:10;14.2
09.05.2024 11:20;14.4
09.05.2024 11:30;14.6
09.05.2024 11:40;14.9
09.05.2024 11:50;14.6
09.05.2024 12:00;14.8
09.05.2024 12:10;14.3
09.05.2024 12:20;14.9
09.05.2024 12:30;14.4
09.05.2024 12:40;15.5
09.05.2024 12:50;14.8
09.05.2024 13:00;14.5
09.05.2024 13:10;15
09.05.2024 13:20;15.2
09.05.2024 13:30;15.5
09.05.2024 13:40;15.4
09.05.2024 13:50;15.6
09.05.2024 14:00;15.5
09.05.2024 14:10;15.9
09.05.2024 14:20;16.1
09.05.2024 14:30;15.3
09.05.2024 14:40;14.9
09.05.2024 14:50;14.8
09.05.2024 15:00;14.8
09.05.2024 15:10;14.7
09.05.2024 15:20;14.6
09.05.2024 15:30;14.9
09.05.2024 15:40;16.1
09.05.2024 15:50;16.1
09.05.2024 16:00;16.1
09.05.2024 16:10;15.8
09.05.2024 16:20;15.9
09.05.2024 16:30;16.1
09.05.2024 16:40;15.6
09.05.2024 16:50;15.4
09.05.2024 17:00;15.3
09.05.2024 17:10;15.2
09.05.2024 17:20;15.1
09.05.2024 17:30;15.2
09.05.2024 17:40;15.1
09.05.2024 17:50;14.9
09.05.2024 18:00;14.6
09.05.2024 18:10;14.6
09.05.2024 18:20;14.4
09.05.2024 18:30;14.3
09.05.2024 18:40;14
09.05.2024 18:50;14
09.05.2024 19:00;14
09.05.2024 19:10;14.1
09.05.2024 19:20;14
09.05.2024 19:30;14
09.05.2024 19:40;13.9
09.05.2024 19:50;13.9
09.05.2024 20:00;14
09.05.2024 20:10;13.8
09.05.2024 20:20;13.6
09.05.2024 20:30;13.6
09.05.2024 20:40;13.9
09.05.2024 20:50;13.7
09.05.2024 21:00;13.6
09.05.2024 21:10;13.2
09.05.2024 21:20;13
09.05.2024 21:30;13
09.05.2024 21:40;12.9
09.05.2024 21:50;12.7
09.05.2024 22:00;12.5
09.05.2024 22:10;12.4
09.05.2024 22:20;12.2
09.05.2024 22:30;12.1
09.05.2024 22:40;12
09.05.2024 22:50;12
09.05.2024 23:00;12.1
09.05.2024 23:10;12.1
09.05.2024 23:20;12
09.05.2024 23:30;11.9
09.05.2024 23:40;11.8
09.05.2024 23:50;12.1
10.05.2024 00:00;11.9
10.05.2024 00:10;11.8
10.05.2024 00:20;11.8
10.05.2024 00:30;11.9
10.05.2024 00:40;11.9
10.05.2024 00:50;11.9
10.05.2024 01:00;11.8
10.05.2024 01:10;11.6
10.05.2024 01:20;11.8
10.05.2024 01:30;11.4
10.05.2024 01:40;11.4
10.05.2024 01:50;11.5
10.05.2024 02:00;11.3
10.05.2024 02:10;11.3
10.05.2024 02:20;11.1
10.05.2024 02:30;11
10.05.2024 02:40;10.9
10.05.2024 02:50;10.9
10.05.2024 03:00;10.8
10.05.2024 03:10;10.8
10.05.2024 03:20;10.7
10.05.2024 03:30;10.8
10.05.2024 03:40;10.6
10.05.2024 03:50;10.5
10.05.2024 04:00;10.5
10.05.2024 04:10;10.3
10.05.2024 04:20;10.4
10.05.2024 04:30;10.5
10.05.2024 04:40;10.7
10.05.2024 04:50;10.8
10.05.2024 05:00;10.9
10.05.2024 05:10;10.9
10.05.2024 05:20;11
10.05.2024 05:30;11.1
10.05.2024 05:40;11.2
10.05.2024 05:50;11.3
10.05.2024 06:00;11.4
10.05.2024 06:10;11.3
10.05.2024 06:20;11.4
10.05.2024 06:30;11.4
10.05.2024 06:40;11.6
10.05.2024 06:50;11.6
10.05.2024 07:00;11.8
10.05.2024 07:10;12
10.05.2024 07:20;12
10.05.2024 07:30;12.3
10.05.2024 07:40;12.5
10.05.2024 07:50;12.8
10.05.2024 08:00;13.3
10.05.2024 08:10;13.4
10.05.2024 08:20;13.6
10.05.2024 08:30;13.9
10.05.2024 08:40;13.9
10.05.2024 08:50;14.1
10.05.2024 09:00;14.7
10.05.2024 09:10;14.2
10.05.2024 09:20;14.3
10.05.2024 09:30;14.3
10.05.2024 09:40;14.6
10.05.2024 09:50;14.6
10.05.2024 10:00;14.6
10.05.2024 10:10;15
10.05.2024 10:20;15.4
10.05.2024 10:30;15.4
10.05.2024 10:40;15.6
10.05.2024 10:50;15.6
10.05.2024 11:00;15.7
10.05.2024 11:10;16.6
10.05.2024 11:20;16
10.05.2024 11:30;16.1
10.05.2024 11:40;16.3
10.05.2024 11:50;16.4
10.05.2024 12:00;16.9
10.05.2024 12:10;16.5
10.05.2024 12:20;16.4
10.05.2024 12:30;16.4
10.05.2024 12:40;16.9
10.05.2024 12:50;16.9
10.05.2024 13:00;17
10.05.2024 13:10;16.8
10.05.2024 13:20;16.8
10.05.2024 13:30;16.6
10.05.2024 13:40;16.8
10.05.2024 13:50;16.9
10.05.2024 14:00;16.7
10.05.2024 14:10;16.7
10.05.2024 14:20;16.8
10.05.2024 14:30;17.5
10.05.2024 14:40;17.6
10.05.2024 14:50;17.3
10.05.2024 15:00;17.5
10.05.2024 15:10;17.4
10.05.2024 15:20;17.3
10.05.2024 15:30;17.8
10.05.2024 15:40;17.6
10.05.2024 15:50;17.7
10.05.2024 16:00;17.2
10.05.2024 16:10;17.1
10.05.2024 16:20;16.9
10.05.2024 16:30;17
10.05.2024 16:40;16.7
10.05.2024 16:50;16.7
10.05.2024 17:00;16.6
10.05.2024 17:10;16.3
10.05.2024 17:20;16.2
10.05.2024 17:30;16.4
10.05.2024 17:40;16.4
10.05.2024 17:50;16.2
10.05.2024 18:00;16.2
10.05.2024 18:10;16.1
10.05.2024 18:20;16
10.05.2024 18:30;15.8
10.05.2024 18:40;15.8
10.05.2024 18:50;15.5
10.05.2024 19:00;15.4
10.05.2024 19:10;15.5
10.05.2024 19:20;15.5
10.05.2024 19:30;15.5
10.05.2024 19:40;15.5
10.05.2024 19:50;15.4
10.05.2024 20:00;14.9
10.05.2024 20:10;14.7
10.05.2024 20:20;14.5
10.05.2024 20:30;14.4
10.05.2024 20:40;14.3
10.05.2024 20:50;14.2
10.05.2024 21:00;14.1
10.05.2024 21:10;14
10.05.2024 21:20;14.1
10.05.2024 21:30;14
10.05.2024 21:40;14.1
10.05.2024 21:50;14
10.05.2024 22:00;14
10.05.2024 22:10;13.8
10.05.2024 22:20;13.7
10.05.2024 22:30;13.6
10.05.2024 22:40;13.4
10.05.2024 22:50;13.2
10.05.2024 23:00;13
10.05.2024 23:10;12.8
10.05.2024 23:20;12.7
10.05.2024 23:30;12.6
10.05.2024 23:40;12.7
10.05.2024 23:50;12.6
11.05.2024 00:00;12.3
11.05.2024 00:10;12.3
11.05.2024 00:20;12.2
11.05.2024 00:30;12.3
11.05.2024 00:40;12.2
11.05.2024 00:50;12
11.05.2024 01:00;12.3
11.05.2024 01:10;12.3
11.05.2024 01:20;12.2
11.05.2024 01:30;12.1
11.05.2024 01:40;11.8
11.05.2024 01:50;11.8
11.05.2024 02:00;11.4
11.05.2024 02:10;11.2
11.05.2024 02:20;11.1
11.05.2024 02:30;11.1
11.05.2024 02:40;11.2
11.05.2024 02:50;10.9
11.05.2024 03:00;10.8
11.05.2024 03:10;10.5
11.05.2024 03:20;10.4
11.05.2024 03:30;10.3
11.05.2024 03:40;10.2
11.05.2024 03:50;10.3
11.05.2024 04:00;10.2
11.05.2024 04:10;10.3
11.05.2024 04:20;10.4
11.05.2024 04:30;10.5
11.05.2024 04:40;10.7
11.05.2024 04:50;10.9
11.05.2024 05:00;11.4
11.05.2024 05:10;11.5
11.05.2024 05:20;11.8
11.05.2024 05:30;11.8
11.05.2024 05:40;12.1
11.05.2024 05:50;12.1
11.05.2024 06:00;11.8
11.05.2024 06:10;12.1
11.05.2024 06:20;12.1
11.05.2024 06:30;12.2
11.05.2024 06:40;12.5
11.05.2024 06:50;12.9
11.05.2024 07:00;13.1
11.05.2024 07:10;13.2
11.05.2024 07:20;13.4
11.05.2024 07:30;13.3
11.05.2024 07:40;13.6
11.05.2024 07:50;14
11.05.2024 08:00;14.2
11.05.2024 08:10;14.5
11.05.2024 08:20;14.6
11.05.2024 08:30;15.1
11.05.2024 08:40;14.9
11.05.2024 08:50;15.4
11.05.2024 09:00;15.5
11.05.2024 09:10;15.7
11.05.2024 09:20;15.8
11.05.2024 09:30;15.6
11.05.2024 09:40;16.2
11.05.2024 09:50;16
11.05.2024 10:00;16.1
11.05.2024 10:10;16.3
11.05.2024 10:20;16.4
11.05.2024 10:30;16.7
11.05.2024 10:40;16.8
11.05.2024 10:50;16.6
11.05.2024 11:00;16.8
11.05.2024 11:10;17.2
11.05.2024 11:20;17.1
11.05.2024 11:30;17.5
11.05.2024 11:40;17.5
11.05.2024 11:50;17.5
11.05.2024 12:00;17.4
11.05.2024 12:10;17.3
11.05.2024 12:20;17.3
11.05.2024 12:30;18
11.05.2024 12:40;17.5
11.05.2024 12:50;17.6
11.05.2024 13:00;18
11.05.2024 13:10;17.8
11.05.2024 13:20;17.9
11.05.2024 13:30;17.8
11.05.2024 13:40;18.1
11.05.2024 13:50;17.8
11.05.2024 14:00;17.9
11.05.2024 14:10;17.8
11.05.2024 14:20;17.7
11.05.2024 14:30;17.9
11.05.2024 14:40;17.7
11.05.2024 14:50;17.8
11.05.2024 15:00;17.9
11.05.2024 15:10;17.6
11.05.2024 15:20;17.6
11.05.2024 15:30;17.6
11.05.2024 15:40;17.5
11.05.2024 15:50;17.5
11.05.2024 16:00;17.6
11.05.2024 16:10;17.5
11.05.2024 16:20;17.4
11.05.2024 16:30;17.5
11.05.2024 16:40;17.2
11.05.2024 16:50;16.9
11.05.2024 17:00;16.8
11.05.2024 17:10;16.5
11.05.2024 17:20;16.4
11.05.2024 17:30;16.4
11.05.2024 17:40;16.3
11.05.2024 17:50;16.2
11.05.2024 18:00;16
11.05.2024 18:10;16
11.05.2024 18:20;15.9
11.05.2024 18:30;15.7
11.05.2024 18:40;15.8
11.05.2024 18:50;15.8
11.05.2024 19:00;15.7
11.05.2024 19:10;15.5
11.05.2024 19:20;15.4
11.05.2024 19:30;15.4
11.05.2024 19:40;15.3
11.05.2024 19:50;15.4
11.05.2024 20:00;15.4
11.05.2024 20:10;15.4
11.05.2024 20:20;15.4
11.05.2024 20:30;15.5
11.05.2024 20:40;15.2
11.05.2024 20:50;15.3
11.05.2024 21:00;15.2
11.05.2024 21:10;15.2
11.05.2024 21:20;15.1
11.05.2024 21:30;15
11.05.2024 21:40;14.8
11.05.2024 21:50;14.6
11.05.2024 22:00;14.7
11.05.2024 22:10;14.4
11.05.2024 22:20;14.4
11.05.2024 22:30;14.2
11.05.2024 22:40;14.2
11.05.2024 22:50;14
11.05.2024 23:00;14
11.05.2024 23:10;14.1
11.05.2024 23:20;14
11.05.2024 23:30;14.1
11.05.2024 23:40;13.9
11.05.2024 23:50;13.7
12.05.2024 00:00;13.5
12.05.2024 00:10;13.2
12.05.2024 00:20;13
12.05.2024 00:30;13.1
12.05.2024 00:40;13.1
12.05.2024 00:50;12.8
12.05.2024 01:00;13
12.05.2024 01:10;12.7
12.05.2024 01:20;12.6
12.05.2024 01:30;12.4
12.05.2024 01:40;12.2
12.05.2024 01:50;12.1
12.05.2024 02:00;11.9
12.05.2024 02:10;11.9
12.05.2024 02:20;11.7
12.05.2024 02:30;11.8
12.05.2024 02:40;11.7
12.05.2024 02:50;11.6
12.05.2024 03:00;11.4
12.05.2024 03:10;11.2
12.05.2024 03:20;11
12.05.2024 03:30;10.9
12.05.2024 03:40;11.1
12.05.2024 03:50;11.2
12.05.2024 04:00;11.3
12.05.2024 04:10;11.4
12.05.2024 04:20;11.5
12.05.2024 04:30;11.6
12.05.2024 04:40;11.7
12.05.2024 04:50;11.9
12.05.2024 05:00;12
12.05.2024 05:10;12.2
12.05.2024 05:20;12.3
12.05.2024 05:30;12.4
12.05.2024 05:40;12.4
12.05.2024 05:50;12.4
12.05.2024 06:00;12.5
12.05.2024 06:10;12.5
12.05.2024 06:20;12.6
12.05.2024 06:30;12.8
12.05.2024 06:40;13
12.05.2024 06:50;13.1
12.05.2024 07:00;13.1
12.05.2024 07:10;13.4
12.05.2024 07:20;13.3
12.05.2024 07:30;13.6
12.05.2024 07:40;14
12.05.2024 07:50;14.3
12.05.2024 08:00;14.5
12.05.2024 08:10;14.7
12.05.2024 08:20;15.1
12.05.2024 08:30;15.3
12.05.2024 08:40;15.5
12.05.2024 08:50;15.8
12.05.2024 09:00;15.9
12.05.2024 09:10;16
12.05.2024 09:20;16.6
12.05.2024 09:30;16.8
12.05.2024 09:40;16.9
12.05.2024 09:50;17.3
12.05.2024 10:00;17.2
12.05.2024 10:10;17.5
12.05.2024 10:20;17.6
12.05.2024 10:30;17.8
12.05.2024 10:40;17.4
12.05.2024 10:50;18
12.05.2024 11:00;17.9
12.05.2024 11:10;18.3
12.05.2024 11:20;18.3
12.05.2024 11:30;18.4
12.05.2024 11:40;18.9
12.05.2024 11:50;18.9
12.05.2024 12:00;19.1
12.05.2024 12:10;19.1
12.05.2024 12:20;19
12.05.2024 12:30;19.6
12.05.2024 12:40;19.5
12.05.2024 12:50;19.4
12.05.2024 13:00;19.4
12.05.2024 13:10;19.1
12.05.2024 13:20;19.4
12.05.2024 13:30;19.4
12.05.2024 13:40;19.5
12.05.2024 13:50;19.4
12.05.2024 14:00;19.2
12.05.2024 14:10;19.1
12.05.2024 14:20;19.3
12.05.2024 14:30;19.1
12.05.2024 14:40;19.1
12.05.2024 14:50;19
12.05.2024 15:00;19.1
12.05.2024 15:10;19
12.05.2024 15:20;18.3
12.05.2024 15:30;19
12.05.2024 15:40;18.8
12.05.2024 15:50;18.7
12.05.2024 16:00;18.6
12.05.2024 16:10;18.4
12.05.2024 16:20;18.2
12.05.2024 16:30;18
12.05.2024 16:40;17.9
12.05.2024 16:50;17.8
12.05.2024 17:00;17.6
12.05.2024 17:10;17.3
12.05.2024 17:20;17.2
12.05.2024 17:30;17
12.05.2024 17:40;16.9
12.05.2024 17:50;16.6
12.05.2024 18:00;16.5
12.05.2024 18:10;16.2
12.05.2024 18:20;16.1
12.05.2024 18:30;15.9
12.05.2024 18:40;15.8
12.05.2024 18:50;15.6
12.05.2024 19:00;15.5
12.05.2024 19:10;15.3
12.05.2024 19:20;15.1
12.05.2024 19:30;15.2
12.05.2024 19:40;15
12.05.2024 19:50;14.8
12.05.2024 20:00;14.7
12.05.2024 20:10;14.5
12.05.2024 20:20;14.5
12.05.2024 20:30;14.3
12.05.2024 20:40;14.1
12.05.2024 20:50;14.1
12.05.2024 21:00;14
12.05.2024 21:10;13.9
12.05.2024 21:20;13.7
12.05.2024 21:30;13.5
12.05.2024 21:40;13.4
12.05.2024 21:50;13.1
12.05.2024 22:00;13.1
12.05.2024 22:10;13
12.05.2024 22:20;12.9
12.05.2024 22:30;12.8
12.05.2024 22:40;12.6
12.05.2024 22:50;12.5
12.05.2024 23:00;12.5
12.05.2024 23:10;12.4
12.05.2024 23:20;12.1
12.05.2024 23:30;12.1
12.05.2024 23:40;11.8
12.05.2024 23:50;11.9
13.05.2024 00:00;11.9
13.05.2024 00:10;11.8
13.05.2024 00:20;11.7
13.05.2024 00:30;11.6
13.05.2024 00:40;11.4
13.05.2024 00:50;11.3
13.05.2024 01:00;11.3
13.05.2024 01:10;11.3
13.05.2024 01:20;11.1
13.05.2024 01:30;11.1
13.05.2024 01:40;11
13.05.2024 01:50;10.9
13.05.2024 02:00;10.7
13.05.2024 02:10;10.7
13.05.2024 02:20;10.5
13.05.2024 02:30;10.4
13.05.2024 02:40;10.4
13.05.2024 02:50;10.3
13.05.2024 03:00;10.1
13.05.2024 03:10;10.1
13.05.2024 03:20;10
13.05.2024 03:30;10
13.05.2024 03:40;10
13.05.2024 03:50;10
13.05.2024 04:00;10
13.05.2024 04:10;10.1
13.05.2024 04:20;10.1
13.05.2024 04:30;10.2
13.05.2024 04:40;10.1
13.05.2024 04:50;10.2
13.05.2024 05:00;10.4
13.05.2024 05:10;10.2
13.05.2024 05:20;10.4
13.05.2024 05:30;10.9
13.05.2024 05:40;10.7
13.05.2024 05:50;10.7
13.05.2024 06:00;11
13.05.2024 06:10;11.4
13.05.2024 06:20;11.7
13.05.2024 06:30;11.9
13.05.2024 06:40;11.7
13.05.2024 06:50;12.2
13.05.2024 07:00;12.4
13.05.2024 07:10;12.5
13.05.2024 07:20;12.8
13.05.2024 07:30;13.5
13.05.2024 07:40;13.8
13.05.2024 07:50;14.2
13.05.2024 08:00;14.9
13.05.2024 08:10;15
13.05.2024 08:20;15.2
13.05.2024 08:30;14.8
13.05.2024 08:40;15.1
13.05.2024 08:50;15.1
13.05.2024 09:00;15.9
13.05.2024 09:10;15.4
13.05.2024 09:20;15.8
13.05.2024 09:30;16.3
13.05.2024 09:40;16.4
13.05.2024 09:50;17
13.05.2024 10:00;17.1
13.05.2024 10:10;17.3
13.05.2024 10:20;17
13.05.2024 10:30;17.4
13.05.2024 10:40;17.5
13.05.2024 10:50;17.7
13.05.2024 11:00;18
13.05.2024 11:10;18.7
13.05.2024 11:20;18.9
13.05.2024 11:30;18.8
13.05.2024 11:40;18.8
13.05.2024 11:50;18.8
13.05.2024 12:00;18.9
13.05.2024 12:10;19
13.05.2024 12:20;19.7
13.05.2024 12:30;20
13.05.2024 12:40;20
13.05.2024 12:50;19.7
13.05.2024 13:00;19.8
13.05.2024 13:10;20.3
13.05.2024 13:20;19.5
13.05.2024 13:30;19.5
13.05.2024 13:40;20
13.05.2024 13:50;19.8
13.05.2024 14:00;20.1
13.05.2024 14:10;20.2
13.05.2024 14:20;19.5
13.05.2024 14:30;19.8
13.05.2024 14:40;20
13.05.2024 14:50;20.2
13.05.2024 15:00;19.1
13.05.2024 15:10;19.4
13.05.2024 15:20;19.7
13.05.2024 15:30;19.5
13.05.2024 15:40;19.6
13.05.2024 15:50;19.3
13.05.2024 16:00;19.2
13.05.2024 16:10;19.1
13.05.2024 16:20;19.1
13.05.2024 16:30;18.7
13.05.2024 16:40;18.1
13.05.2024 16:50;17.9
13.05.2024 17:00;17.9
13.05.2024 17:10;17.9
13.05.2024 17:20;17.7
13.05.2024 17:30;17.6
13.05.2024 17:40;17.4
13.05.2024 17:50;17.2
13.05.2024 18:00;17
13.05.2024 18:10;16.7
13.05.2024 18:20;16.5
13.05.2024 18:30;16.5
13.05.2024 18:40;16.2
13.05.2024 18:50;16.2
13.05.2024 19:00;16
13.05.2024 19:10;16
13.05.2024 19:20;15.9
13.05.2024 19:30;15.7
13.05.2024 19:40;15.8
13.05.2024 19:50;15.8
13.05.2024 20:00;15.7
13.05.2024 20:10;15.4
13.05.2024 20:20;15.4
13.05.2024 20:30;15.2
13.05.2024 20:40;14.9
13.05.2024 20:50;14.8
13.05.2024 21:00;14.5
13.05.2024 21:10;14.4
13.05.2024 21:20;14.2
13.05.2024 21:30;14.1
13.05.2024 21:40;13.9
13.05.2024 21:50;13.7
13.05.2024 22:00;13.3
13.05.2024 22:10;13.3
13.05.2024 22:20;13.1
13.05.2024 22:30;13
13.05.2024 22:40;12.9
13.05.2024 22:50;12.7
13.05.2024 23:00;12.7
13.05.2024 23:10;12.5
13.05.2024 23:20;12.5
13.05.2024 23:30;12.3
13.05.2024 23:40;12.3
13.05.2024 23:50;12.2
14.05.2024 00:00;12.1
14.05.2024 00:10;11.9
14.05.2024 00:20;11.9
14.05.2024 00:30;11.8
14.05.2024 00:40;11.7
14.05.2024 00:50;11.6
14.05.2024 01:00;11.4
14.05.2024 01:10;11.2
14.05.2024 01:20;11.1
14.05.2024 01:30;10.9
14.05.2024 01:40;10.7
14.05.2024 01:50;10.5
14.05.2024 02:00;10.5
14.05.2024 02:10;10.3
14.05.2024 02:20;10.3
14.05.2024 02:30;10.1
14.05.2024 02:40;10
14.05.2024 02:50;9.9
14.05.2024 03:00;9.9
14.05.2024 03:10;9.7
14.05.2024 03:20;9.7
14.05.2024 03:30;9.7
14.05.2024 03:40;9.7
14.05.2024 03:50;9.6
14.05.2024 04:00;9.6
14.05.2024 04:10;9.6
14.05.2024 04:20;9.7
14.05.2024 04:30;9.8
14.05.2024 04:40;9.9
14.05.2024 04:50;10.1
14.05.2024 05:00;10.3
14.05.2024 05:10;10.4
14.05.2024 05:20;10.7
14.05.2024 05:30;10.8
14.05.2024 05:40;11.1
14.05.2024 05:50;11.1
14.05.2024 06:00;11.5
14.05.2024 06:10;11.6
14.05.2024 06:20;12
14.05.2024 06:30;12.2
14.05.2024 06:40;12.7
14.05.2024 06:50;12.4
14.05.2024 07:00;13.4
14.05.2024 07:10;12.8
14.05.2024 07:20;13.3
14.05.2024 07:30;13.5
14.05.2024 07:40;13.6
14.05.2024 07:50;13.8
14.05.2024 08:00;14
14.05.2024 08:10;14.5
14.05.2024 08:20;14.7
14.05.2024 08:30;15
14.05.2024 08:40;15.3
14.05.2024 08:50;15.4
14.05.2024 09:00;16.2
14.05.2024 09:10;16.4
14.05.2024 09:20;16.9
14.05.2024 09:30;16.9
14.05.2024 09:40;17.1
14.05.2024 09:50;17
14.05.2024 10:00;17.5
14.05.2024 10:10;18.1
14.05.2024 10:20;18.1
14.05.2024 10:30;18.6
14.05.2024 10:40;18.3
14.05.2024 10:50;18.8
14.05.2024 11:00;18.9
14.05.2024 11:10;19
14.05.2024 11:20;19.4
14.05.2024 11:30;19.5
14.05.2024 11:40;19.6
14.05.2024 11:50;19.3
14.05.2024 12:00;20
14.05.2024 12:10;19.6
14.05.2024 12:20;19.5
14.05.2024 12:30;19.5
14.05.2024 12:40;19.7
14.05.2024 12:50;19.5
14.05.2024 13:00;19.3
14.05.2024 13:10;19.6
14.05.2024 13:20;19.6
14.05.2024 13:30;19.4
14.05.2024 13:40;19.8
14.05.2024 13:50;19.7
14.05.2024 14:00;19.5
14.05.2024 14:10;19.4
14.05.2024 14:20;19.6
14.05.2024 14:30;19.4
14.05.2024 14:40;19.4
14.05.2024 14:50;19.2
14.05.2024 15:00;19.1
14.05.2024 15:10;19
14.05.2024 15:20;19
14.05.2024 15:30;18.9
14.05.2024 15:40;18.6
14.05.2024 15:50;18.6
14.05.2024 16:00;18.5
14.05.2024 16:10;18.5
14.05.2024 16:20;18.4
14.05.2024 16:30;18.3
14.05.2024 16:40;18.1
14.05.2024 16:50;17.9
14.05.2024 17:00;17.8
14.05.2024 17:10;17.6
14.05.2024 17:20;17.3
14.05.2024 17:30;17.2
14.05.2024 17:40;17
14.05.2024 17:50;16.9
14.05.2024 18:00;16.6
14.05.2024 18:10;16.5
14.05.2024 18:20;16.2
14.05.2024 18:30;15.9
14.05.2024 18:40;15.7
14.05.2024 18:50;15.4
14.05.2024 19:00;15.3
14.05.2024 19:10;15.1
14.05.2024 19:20;14.9
14.05.2024 19:30;14.6
14.05.2024 19:40;14.5
14.05.2024 19:50;14.2
14.05.2024 20:00;14.1
14.05.2024 20:10;14
14.05.2024 20:20;13.7
14.05.2024 20:30;13.7
14.05.2024 20:40;13.5
14.05.2024 20:50;13.4
14.05.2024 21:00;13.3
14.05.2024 21:10;13
14.05.2024 21:20;13
14.05.2024 21:30;12.9
14.05.2024 21:40;12.7
14.05.2024 21:50;12.6
14.05.2024 22:00;12.6
14.05.2024 22:10;12.5
14.05.2024 22:20;12.4
14.05.2024 22:30;12.2
14.05.2024 22:40;12.2
14.05.2024 22:50;12.2
14.05.2024 23:00;12
14.05.2024 23:10;12.1
14.05.2024 23:20;12.1
14.05.2024 23:30;12
14.05.2024 23:40;11.9
14.05.2024 23:50;11.8
15.05.2024 00:00;11.8
15.05.2024 00:10;11.6
15.05.2024 00:20;11.6
15.05.2024 00:30;11.6
15.05.2024 00:40;11.4
15.05.2024 00:50;11.6
15.05.2024 01:00;11.5
15.05.2024 01:10;11.4
15.05.2024 01:20;11.5
15.05.2024 01:30;11.7
15.05.2024 01:40;11.5
15.05.2024 01:50;11.5
15.05.2024 02:00;11.6
15.05.2024 02:10;11.2
15.05.2024 02:20;11.5
15.05.2024 02:30;11.5
15.05.2024 02:40;11.3
15.05.2024 02:50;10.9
15.05.2024 03:00;11.2
15.05.2024 03:10;11.2
15.05.2024 03:20;11.1
15.05.2024 03:30;11.3
15.05.2024 03:40;11.2
15.05.2024 03:50;11.1
15.05.2024 04:00;11.3
15.05.2024 04:10;11.6
15.05.2024 04:20;11.6
15.05.2024 04:30;11.5
15.05.2024 04:40;11.6
15.05.2024 04:50;11.9
15.05.2024 05:00;12
15.05.2024 05:10;12
15.05.2024 05:20;12.3
15.05.2024 05:30;12.4
15.05.2024 05:40;12.8
15.05.2024 05:50;13.1
15.05.2024 06:00;13.4
15.05.2024 06:10;13.6
15.05.2024 06:20;13.9
15.05.2024 06:30;14.4
15.05.2024 06:40;14.8
15.05.2024 06:50;15.1
15.05.2024 07:00;15.5
15.05.2024 07:10;16.2
15.05.2024 07:20;16.5
15.05.2024 07:30;16.2
15.05.2024 07:40;17.3
15.05.2024 07:50;17.2
15.05.2024 08:00;17.4
15.05.2024 08:10;17.2
15.05.2024 08:20;18.1
15.05.2024 08:30;18.1
15.05.2024 08:40;18.6
15.05.2024 08:50;18.7
15.05.2024 09:00;18.6
15.05.2024 09:10;19.1
15.05.2024 09:20;19
15.05.2024 09:30;19.5
15.05.2024 09:40;19.7
15.05.2024 09:50;19.6
15.05.2024 10:00;19.9
15.05.2024 10:10;20.2
15.05.2024 10:20;20.3
15.05.2024 10:30;20.4
15.05.2024 10:40;20.7
15.05.2024 10:50;21
15.05.2024 11:00;20.8
15.05.2024 11:10;20.5
15.05.2024 11:20;20.6
15.05.2024 11:30;20.9
15.05.2024 11:40;21.5
15.05.2024 11:50;21.5
15.05.2024 12:00;21.6
15.05.2024 12:10;21.2
15.05.2024 12:20;21.5
15.05.2024 12:30;21.4
15.05.2024 12:40;21.1
15.05.2024 12:50;21.1
15.05.2024 13:00;21.5
15.05.2024 13:10;21.4
15.05.2024 13:20;20.9
15.05.2024 13:30;20.6
15.05.2024 13:40;20.5
15.05.2024 13:50;20.2
15.05.2024 14:00;20
15.05.2024 14:10;19.9
15.05.2024 14:20;19.8
15.05.2024 14:30;19.7
15.05.2024 14:40;19.5
15.05.2024 14:50;19.5
15.05.2024 15:00;19.4
15.05.2024 15:10;19.3
15.05.2024 15:20;19.4
15.05.2024 15:30;19.4
15.05.2024 15:40;19.7
15.05.2024 15:50;19.7
15.05.2024 16:00;19.7
15.05.2024 16:10;19.7
15.05.2024 16:20;19.5
15.05.2024 16:30;19.2
15.05.2024 16:40;19.2
15.05.2024 16:50;19.1
15.05.2024 17:00;18.9
15.05.2024 17:10;18.7
15.05.2024 17:20;18.5
15.05.2024 17:30;18.4
15.05.2024 17:40;18.3
15.05.2024 17:50;18.1
15.05.2024 18:00;17.9
15.05.2024 18:10;17.7
15.05.2024 18:20;17.5
15.05.2024 18:30;17.2
15.05.2024 18:40;16.9
15.05.2024 18:50;16.6
15.05.2024 19:00;16.2
15.05.2024 19:10;15.9
15.05.2024 19:20;15.9
15.05.2024 19:30;15.8
15.05.2024 19:40;15.6
15.05.2024 19:50;15.6
15.05.2024 20:00;15.6
15.05.2024 20:10;15.6
15.05.2024 20:20;15.5
15.05.2024 20:30;15.4
15.05.2024 20:40;15.3
15.05.2024 20:50;15.2
15.05.2024 21:00;15.1
15.05.2024 21:10;15.1
15.05.2024 21:20;15
15.05.2024 21:30;15
15.05.2024 21:40;14.9
15.05.2024 21:50;14.9
15.05.2024 22:00;14.8
15.05.2024 22:10;14.8
15.05.2024 22:20;14.7
15.05.2024 22:30;14.7
15.05.2024 22:40;14.7
15.05.2024 22:50;14.8
15.05.2024 23:00;14.7
15.05.2024 23:10;14.7
15.05.2024 23:20;14.6
15.05.2024 23:30;14.6
15.05.2024 23:40;14.6
15.05.2024 23:50;14.7
16.05.2024 00:00;14.8
16.05.2024 00:10;14.8
16.05.2024 00:20;14.7
16.05.2024 00:30;14.8
16.05.2024 00:40;14.6
16.05.2024 00:50;14.4
16.05.2024 01:00;14.4
16.05.2024 01:10;14.4
16.05.2024 01:20;14.2
16.05.2024 01:30;14.1
16.05.2024 01:40;14.1
16.05.2024 01:50;14
16.05.2024 02:00;14
16.05.2024 02:10;14.1
16.05.2024 02:20;14.1
16.05.2024 02:30;14.2
16.05.2024 02:40;13.9
16.05.2024 02:50;13.7
16.05.2024 03:00;13.7
16.05.2024 03:10;13.8
16.05.2024 03:20;13.7
16.05.2024 03:30;13.7
16.05.2024 03:40;13.9
16.05.2024 03:50;13.5
16.05.2024 04:00;13.5
16.05.2024 04:10;13.6
16.05.2024 04:20;13.7
16.05.2024 04:30;13.6
16.05.2024 04:40;13.7
16.05.2024 04:50;13.8
16.05.2024 05:00;13.8
16.05.2024 05:10;13.6
16.05.2024 05:20;13.8
16.05.2024 05:30;14
16.05.2024 05:40;14
16.05.2024 05:50;14.3
16.05.2024 06:00;14.2
16.05.2024 06:10;14.4
16.05.2024 06:20;14.9
16.05.2024 06:30;15.2
16.05.2024 06:40;15
16.05.2024 06:50;14.7
16.05.2024 07:00;15
16.05.2024 07:10;14.8
16.05.2024 07:20;15
16.05.2024 07:30;15
16.05.2024 07:40;15.3
16.05.2024 07:50;15.5
16.05.2024 08:00;15.5
16.05.2024 08:10;15.5
16.05.2024 08:20;15.4
16.05.2024 08:30;15.6
16.05.2024 08:40;15.7
16.05.2024 08:50;15.9
16.05.2024 09:00;16.1
16.05.2024 09:10;16.3
16.05.2024 09:20;16.4
16.05.2024 09:30;16.7
16.05.2024 09:40;17.3
16.05.2024 09:50;17.6
16.05.2024 10:00;18.4
16.05.2024 10:10;18.3
16.05.2024 10:20;18
16.05.2024 10:30;17.7
16.05.2024 10:40;17.8
16.05.2024 10:50;18.6
16.05.2024 11:00;19.2
16.05.2024 11:10;19
16.05.2024 11:20;19.2
16.05.2024 11:30;19.3
16.05.2024 11:40;19.1
16.05.2024 11:50;19
16.05.2024 12:00;19.2
16.05.2024 12:10;20.1
16.05.2024 12:20;20.2
16.05.2024 12:30;19.7
16.05.2024 12:40;19.7
16.05.2024 12:50;19.4
16.05.2024 13:00;19.3
16.05.2024 13:10;19.5
16.05.2024 13:20;19.8
16.05.2024 13:30;19.8
16.05.2024 13:40;19.7
16.05.2024 13:50;19.6
16.05.2024 14:00;19.6
16.05.2024 14:10;19.3
16.05.2024 14:20;18.7
16.05.2024 14:30;18.3
16.05.2024 14:40;18.2
16.05.2024 14:50;18.1
16.05.2024 15:00;18.1
16.05.2024 15:10;18.1
16.05.2024 15:20;18.2
16.05.2024 15:30;18.1
16.05.2024 15:40;18
16.05.2024 15:50;18
16.05.2024 16:00;17.8
16.05.2024 16:10;17.6
16.05.2024 16:20;17.5
16.05.2024 16:30;17.3
16.05.2024 16:40;17
16.05.2024 16:50;16.8
16.05.2024 17:00;16.6
16.05.2024 17:10;16.6
16.05.2024 17:20;16.6
16.05.2024 17:30;16.6
16.05.2024 17:40;16.5
16.05.2024 17:50;16.2
16.05.2024 18:00;16.2
16.05.2024 18:10;16.1
16.05.2024 18:20;15.8
16.05.2024 18:30;15.5
16.05.2024 18:40;15.2
16.05.2024 18:50;14.6
16.05.2024 19:00;14.3
16.05.2024 19:10;14.1
16.05.2024 19:20;14.2
16.05.2024 19:30;14
16.05.2024 19:40;13.9
16.05.2024 19:50;13.8
16.05.2024 20:00;13.7
16.05.2024 20:10;13.6
16.05.2024 20:20;13.5
16.05.2024 20:30;13.3
16.05.2024 20:40;13.3
16.05.2024 20:50;13.2
16.05.2024 21:00;13.2
16.05.2024 21:10;13.3
16.05.2024 21:20;13.3
16.05.2024 21:30;13.3
16.05.2024 21:40;13.3
16.05.2024 21:50;13.4
16.05.2024 22:00;13.4
16.05.2024 22:10;13.4
16.05.2024 22:20;13.5
16.05.2024 22:30;13.2
16.05.2024 22:40;13.1
16.05.2024 22:50;13.1
16.05.2024 23:00;12.9
16.05.2024 23:10;12.8
16.05.2024 23:20;12.7
16.05.2024 23:30;12.7
16.05.2024 23:40;12.6
16.05.2024 23:50;12.6
17.05.2024 00:00;12.5
17.05.2024 00:10;12.3
17.05.2024 00:20;12.1
17.05.2024 00:30;11.9
17.05.2024 00:40;11.6
17.05.2024 00:50;11.5
17.05.2024 01:00;11.5
17.05.2024 01:10;11.3
17.05.2024 01:20;11.2
17.05.2024 01:30;11.1
17.05.2024 01:40;11.1
17.05.2024 01:50;11
17.05.2024 02:00;10.9
17.05.2024 02:10;10.9
17.05.2024 02:20;11
17.05.2024 02:30;11
17.05.2024 02:40;10.9
17.05.2024 02:50;10.8
17.05.2024 03:00;10.8
17.05.2024 03:10;10.8
17.05.2024 03:20;10.8
17.05.2024 03:30;10.8
17.05.2024 03:40;10.7
17.05.2024 03:50;10.7
17.05.2024 04:00;10.7
17.05.2024 04:10;10.7
17.05.2024 04:20;10.8
17.05.2024 04:30;10.8
17.05.2024 04:40;10.7
17.05.2024 04:50;10.8
17.05.2024 05:00;10.7
17.05.2024 05:10;10.9
17.05.2024 05:20;11
17.05.2024 05:30;9.9
17.05.2024 05:40;9.5
17.05.2024 05:50;9.4
17.05.2024 06:00;9.3
17.05.2024 06:10;9.3
17.05.2024 06:20;9.3
17.05.2024 06:30;9.1
17.05.2024 06:40;9
17.05.2024 06:50;8.9
17.05.2024 07:00;8.8
17.05.2024 07:10;8.7
17.05.2024 07:20;8.7
17.05.2024 07:30;8.9
17.05.2024 07:40;8.9
17.05.2024 07:50;8.9
17.05.2024 08:00;9.1
17.05.2024 08:10;9.3
17.05.2024 08:20;9.6
17.05.2024 08:30;9.8
17.05.2024 08:40;10.1
17.05.2024 08:50;10.1
17.05.2024 09:00;10.4
17.05.2024 09:10;11.1
17.05.2024 09:20;11.7
17.05.2024 09:30;12.2
17.05.2024 09:40;12.5
17.05.2024 09:50;12.4
17.05.2024 10:00;12.6
17.05.2024 10:10;12.6
17.05.2024 10:20;13.1
17.05.2024 10:30;13.4
17.05.2024 10:40;13.3
17.05.2024 10:50;13.3
17.05.2024 11:00;13.3
17.05.2024 11:10;13.7
17.05.2024 11:20;14.6
17.05.2024 11:30;14.4
17.05.2024 11:40;13.9
17.05.2024 11:50;13.6
17.05.2024 12:00;13.7
17.05.2024 12:10;13.5
17.05.2024 12:20;13.9
17.05.2024 12:30;14.1
17.05.2024 12:40;13.9
17.05.2024 12:50;14.1
17.05.2024 13:00;14.1
17.05.2024 13:10;13.5
17.05.2024 13:20;13.7
17.05.2024 13:30;13.7
17.05.2024 13:40;13.2
17.05.2024 13:50;13
17.05.2024 14:00;12.8
17.05.2024 14:10;13
17.05.2024 14:20;14
17.05.2024 14:30;14.4
17.05.2024 14:40;14
17.05.2024 14:50;13.8
17.05.2024 15:00;13.1
17.05.2024 15:10;12.9
17.05.2024 15:20;12.3
17.05.2024 15:30;11.6
17.05.2024 15:40;11.7
17.05.2024 15:50;11.7
17.05.2024 16:00;11.6
17.05.2024 16:10;11.6
17.05.2024 16:20;11.6
17.05.2024 16:30;11.7
17.05.2024 16:40;11.8
17.05.2024 16:50;11.9
17.05.2024 17:00;11.8
17.05.2024 17:10;11.7
17.05.2024 17:20;11.6
17.05.2024 17:30;11.8
17.05.2024 17:40;11.9
17.05.2024 17:50;12
17.05.2024 18:00;11.9
17.05.2024 18:10;11.6
17.05.2024 18:20;11.8
17.05.2024 18:30;11.7
17.05.2024 18:40;11.5
17.05.2024 18:50;11.4
17.05.2024 19:00;11.6
17.05.2024 19:10;11.7
17.05.2024 19:20;11.6
17.05.2024 19:30;11.2
17.05.2024 19:40;11.5
17.05.2024 19:50;11.4
17.05.2024 20:00;11.4
17.05.2024 20:10;11.4
17.05.2024 20:20;11.2
17.05.2024 20:30;11.2
17.05.2024 20:40;11
17.05.2024 20:50;10.6
17.05.2024 21:00;10.6
17.05.2024 21:10;10.8
17.05.2024 21:20;11.1
17.05.2024 21:30;11.2
17.05.2024 21:40;11.1
17.05.2024 21:50;10.8
17.05.2024 22:00;10.7
17.05.2024 22:10;10.6
17.05.2024 22:20;10.7
17.05.2024 22:30;10.8
17.05.2024 22:40;10.6
17.05.2024 22:50;11.1
17.05.2024 23:00;10.6
17.05.2024 23:10;10.4
17.05.2024 23:20;10.4
17.05.2024 23:30;10.5
17.05.2024 23:40;10.6
17.05.2024 23:50;10.7
18.05.2024 00:00;10.7
18.05.2024 00:10;10.6
18.05.2024 00:20;11.1
18.05.2024 00:30;10.5
18.05.2024 00:40;10.5
18.05.2024 00:50;10.3
18.05.2024 01:00;10.5
18.05.2024 01:10;10.5
18.05.2024 01:20;10.3
18.05.2024 01:30;10.5
18.05.2024 01:40;9.9
18.05.2024 01:50;10.1
18.05.2024 02:00;10
18.05.2024 02:10;9.8
18.05.2024 02:20;10.2
18.05.2024 02:30;11.1
18.05.2024 02:40;10.3
18.05.2024 02:50;10.1
18.05.2024 03:00;10.3
18.05.2024 03:10;10.5
18.05.2024 03:20;10.9
18.05.2024 03:30;10.9
18.05.2024 03:40;11.2
18.05.2024 03:50;11.2
18.05.2024 04:00;12
18.05.2024 04:10;11.5
18.05.2024 04:20;11.2
18.05.2024 04:30;10.7
18.05.2024 04:40;10.8
18.05.2024 04:50;10.9
18.05.2024 05:00;11.6
18.05.2024 05:10;10.8
18.05.2024 05:20;10.9
18.05.2024 05:30;12.2
18.05.2024 05:40;12.6
18.05.2024 05:50;12.9
18.05.2024 06:00;12.9
18.05.2024 06:10;12.6
18.05.2024 06:20;12.9
18.05.2024 06:30;13
18.05.2024 06:40;12.9
18.05.2024 06:50;13.9
18.05.2024 07:00;14
18.05.2024 07:10;14.2
18.05.2024 07:20;16.1
18.05.2024 07:30;15.4
18.05.2024 07:40;15.5
18.05.2024 07:50;16
18.05.2024 08:00;15.7
18.05.2024 08:10;16.1
18.05.2024 08:20;16.3
18.05.2024 08:30;16.1
18.05.2024 08:40;16.6
18.05.2024 08:50;16.5
18.05.2024 09:00;16.6
18.05.2024 09:10;17.2
18.05.2024 09:20;16.5
18.05.2024 09:30;17
18.05.2024 09:40;17
18.05.2024 09:50;17.4
18.05.2024 10:00;17.8
18.05.2024 10:10;17.1
18.05.2024 10:20;17.3
18.05.2024 10:30;18.4
18.05.2024 10:40;17.9
18.05.2024 10:50;17.5
18.05.2024 11:00;18.1
18.05.2024 11:10;18
18.05.2024 11:20;17.6
18.05.2024 11:30;18
18.05.2024 11:40;17.8
18.05.2024 11:50;17.4
18.05.2024 12:00;17.6
18.05.2024 12:10;17.6
18.05.2024 12:20;18.3
18.05.2024 12:30;18.2
18.05.2024 12:40;17.7
18.05.2024 12:50;18
18.05.2024 13:00;18.3
18.05.2024 13:10;18.1
18.05.2024 13:20;18.2
18.05.2024 13:30;18.9
18.05.2024 13:40;18.5
18.05.2024 13:50;18.1
18.05.2024 14:00;18.4
18.05.2024 14:10;18.8
18.05.2024 14:20;19
18.05.2024 14:30;18.4
18.05.2024 14:40;19.3
18.05.2024 14:50;19.7
18.05.2024 15:00;20.2
18.05.2024 15:10;19.8
18.05.2024 15:20;19.3
18.05.2024 15:30;19.4
18.05.2024 15:40;19.7
18.05.2024 15:50;18.9
18.05.2024 16:00;18.5
18.05.2024 16:10;18.6
18.05.2024 16:20;18.9
18.05.2024 16:30;18.7
18.05.2024 16:40;18.7
18.05.2024 16:50;18.6
18.05.2024 17:00;18.5
18.05.2024 17:10;18.2
18.05.2024 17:20;17.9
18.05.2024 17:30;17.8
18.05.2024 17:40;17.7
18.05.2024 17:50;17.8
18.05.2024 18:00;17.6
18.05.2024 18:10;17.4
18.05.2024 18:20;17.1
18.05.2024 18:30;16.9
18.05.2024 18:40;16.8
18.05.2024 18:50;16.7
18.05.2024 19:00;16.6
18.05.2024 19:10;16.8
18.05.2024 19:20;16.5
18.05.2024 19:30;16.3
18.05.2024 19:40;16.2
18.05.2024 19:50;16.2
18.05.2024 20:00;16.1
18.05.2024 20:10;16.1
18.05.2024 20:20;16.1
18.05.2024 20:30;16
18.05.2024 20:40;16.2
18.05.2024 20:50;16.1
18.05.2024 21:00;16
18.05.2024 21:10;15.9
18.05.2024 21:20;15.9
18.05.2024 21:30;15.6
18.05.2024 21:40;15.6
18.05.2024 21:50;15.5
18.05.2024 22:00;15.3
18.05.2024 22:10;15.4
18.05.2024 22:20;15.4
18.05.2024 22:30;15.5
18.05.2024 22:40;15.4
18.05.2024 22:50;14.9
18.05.2024 23:00;13.9
18.05.2024 23:10;13.7
18.05.2024 23:20;13.4
18.05.2024 23:30;13.3
18.05.2024 23:40;13
18.05.2024 23:50;12.8
19.05.2024 00:00;12.1
19.05.2024 00:10;11.2
19.05.2024 00:20;10.8
19.05.2024 00:30;10.2
19.05.2024 00:40;10
19.05.2024 00:50;10
19.05.2024 01:00;10
19.05.2024 01:10;9.9
19.05.2024 01:20;10
19.05.2024 01:30;9.9
19.05.2024 01:40;9.9
19.05.2024 01:50;9.9
19.05.2024 02:00;9.9
19.05.2024 02:10;9.9
19.05.2024 02:20;9.8
19.05.2024 02:30;9.8
19.05.2024 02:40;9.8
19.05.2024 02:50;9.8
19.05.2024 03:00;9.8
19.05.2024 03:10;9.7
19.05.2024 03:20;9.7
19.05.2024 03:30;9.6
19.05.2024 03:40;9.6
19.05.2024 03:50;9.4
19.05.2024 04:00;9.4
19.05.2024 04:10;9.6
19.05.2024 04:20;9.8
19.05.2024 04:30;9.7
19.05.2024 04:40;9.6
19.05.2024 04:50;9.8
19.05.2024 05:00;10
19.05.2024 05:10;10.1
19.05.2024 05:20;10.5
19.05.2024 05:30;10.9
19.05.2024 05:40;11.1
19.05.2024 05:50;11.6
19.05.2024 06:00;12.7
19.05.2024 06:10;12.2
19.05.2024 06:20;13.5
19.05.2024 06:30;12.9
19.05.2024 06:40;12.7
19.05.2024 06:50;13.2
19.05.2024 07:00;13.8
19.05.2024 07:10;14.3
19.05.2024 07:20;14.8
19.05.2024 07:30;14
19.05.2024 07:40;14.1
19.05.2024 07:50;14.5
19.05.2024 08:00;14.9
19.05.2024 08:10;15.2
19.05.2024 08:20;15.7
19.05.2024 08:30;15.4
19.05.2024 08:40;15.6
19.05.2024 08:50;15.9
19.05.2024 09:00;16.4
19.05.2024 09:10;16
19.05.2024 09:20;16.1
19.05.2024 09:30;17.3
19.05.2024 09:40;16.6
19.05.2024 09:50;16.8
19.05.2024 10:00;16.9
19.05.2024 10:10;16.9
19.05.2024 10:20;16.3
19.05.2024 10:30;16.3
19.05.2024 10:40;17.3
19.05.2024 10:50;17.4
19.05.2024 11:00;17.7
19.05.2024 11:10;16.7
19.05.2024 11:20;17
19.05.2024 11:30;17
19.05.2024 11:40;17.2
19.05.2024 11:50;17.7
19.05.2024 12:00;17.8
19.05.2024 12:10;17.7
19.05.2024 12:20;17.5
19.05.2024 12:30;17.6
19.05.2024 12:40;18.1
19.05.2024 12:50;18.1
19.05.2024 13:00;17.7
19.05.2024 13:10;18
19.05.2024 13:20;18
19.05.2024 13:30;17.6
19.05.2024 13:40;17.6
19.05.2024 13:50;17.9
19.05.2024 14:00;18.6
19.05.2024 14:10;18.8
19.05.2024 14:20;19
19.05.2024 14:30;18.5
19.05.2024 14:40;18.1
19.05.2024 14:50;19.1
19.05.2024 15:00;18.3
19.05.2024 15:10;18.5
19.05.2024 15:20;18.5
19.05.2024 15:30;18.7
19.05.2024 15:40;19
19.05.2024 15:50;18.8
19.05.2024 16:00;18.8
19.05.2024 16:10;18.6
19.05.2024 16:20;18.3
19.05.2024 16:30;18.3
19.05.2024 16:40;18.2
19.05.2024 16:50;18.4
19.05.2024 17:00;17.9
19.05.2024 17:10;18.3
19.05.2024 17:20;17.8
19.05.2024 17:30;17.8
19.05.2024 17:40;18
19.05.2024 17:50;18.1
19.05.2024 18:00;17.9
19.05.2024 18:10;17.4
19.05.2024 18:20;17.2
19.05.2024 18:30;17
19.05.2024 18:40;16.9
19.05.2024 18:50;16.8
19.05.2024 19:00;16.9
19.05.2024 19:10;16.9
19.05.2024 19:20;17
19.05.2024 19:30;16.9
19.05.2024 19:40;16.9
19.05.2024 19:50;16.9
19.05.2024 20:00;16.7
19.05.2024 20:10;16.5
19.05.2024 20:20;16.3
19.05.2024 20:30;15
19.05.2024 20:40;14.1
19.05.2024 20:50;13.6
19.05.2024 21:00;13.6
19.05.2024 21:10;13.5
19.05.2024 21:20;13.5
19.05.2024 21:30;12.9
19.05.2024 21:40;13
19.05.2024 21:50;13
19.05.2024 22:00;12.9
19.05.2024 22:10;12.8
19.05.2024 22:20;12.8
19.05.2024 22:30;12.5
19.05.2024 22:40;12.6
19.05.2024 22:50;12.3
19.05.2024 23:00;12.5
19.05.2024 23:10;12.7
19.05.2024 23:20;12.9
19.05.2024 23:30;12.9
19.05.2024 23:40;12.7
19.05.2024 23:50;12.6
20.05.2024 00:00;12.4
20.05.2024 00:10;12.2
20.05.2024 00:20;12.2
20.05.2024 00:30;12.3
20.05.2024 00:40;12.5
20.05.2024 00:50;12.4
20.05.2024 01:00;12.4
20.05.2024 01:10;12.3
20.05.2024 01:20;12.3
20.05.2024 01:30;12
20.05.2024 01:40;11.9
20.05.2024 01:50;11.7
20.05.2024 02:00;11.7
20.05.2024 02:10;11.6
20.05.2024 02:20;11.7
20.05.2024 02:30;11.6
20.05.2024 02:40;11.5
20.05.2024 02:50;11.5
20.05.2024 03:00;11.2
20.05.2024 03:10;10.9
20.05.2024 03:20;11.3
20.05.2024 03:30;11.8
20.05.2024 03:40;11.7
20.05.2024 03:50;11.5
20.05.2024 04:00;10.9
20.05.2024 04:10;11.4
20.05.2024 04:20;12
20.05.2024 04:30;13
20.05.2024 04:40;14.1
20.05.2024 04:50;13.3
20.05.2024 05:00;15
20.05.2024 05:10;14.1
20.05.2024 05:20;14.3
20.05.2024 05:30;13.8
20.05.2024 05:40;14.1
20.05.2024 05:50;14.4
20.05.2024 06:00;14.4
20.05.2024 06:10;14.5
20.05.2024 06:20;14.8
20.05.2024 06:30;14.7
20.05.2024 06:40;15.1
20.05.2024 06:50;15.1
20.05.2024 07:00;15
20.05.2024 07:10;15
20.05.2024 07:20;15.1
20.05.2024 07:30;14.9
20.05.2024 07:40;15.5
20.05.2024 07:50;15.4
20.05.2024 08:00;15.4
20.05.2024 08:10;15.6
20.05.2024 08:20;15.7
20.05.2024 08:30;16
20.05.2024 08:40;16
20.05.2024 08:50;16.5
20.05.2024 09:00;16.7
20.05.2024 09:10;16.2
20.05.2024 09:20;16.3
20.05.2024 09:30;16.8
20.05.2024 09:40;16.9
20.05.2024 09:50;16.9
20.05.2024 10:00;17.2
20.05.2024 10:10;17.4
20.05.2024 10:20;17.5
20.05.2024 10:30;18
20.05.2024 10:40;18
20.05.2024 10:50;18.3
20.05.2024 11:00;18.4
20.05.2024 11:10;18.9
20.05.2024 11:20;18.9
20.05.2024 11:30;18.9
20.05.2024 11:40;19
20.05.2024 11:50;19.9
20.05.2024 12:00;19.4
20.05.2024 12:10;19.7
20.05.2024 12:20;19.7
20.05.2024 12:30;20.3
20.05.2024 12:40;20.2
20.05.2024 12:50;20.3
20.05.2024 13:00;20.2
20.05.2024 13:10;20.3
20.05.2024 13:20;20.8
20.05.2024 13:30;20.5
20.05.2024 13:40;20.7
20.05.2024 13:50;20.8
20.05.2024 14:00;20.9
20.05.2024 14:10;21
20.05.2024 14:20;20.9
20.05.2024 14:30;21.1
20.05.2024 14:40;21.1
20.05.2024 14:50;21.2
20.05.2024 15:00;21.2
20.05.2024 15:10;21.3
20.05.2024 15:20;21.2
20.05.2024 15:30;21.1
20.05.2024 15:40;21.2
20.05.2024 15:50;21.3
20.05.2024 16:00;21.2
20.05.2024 16:10;21.1
20.05.2024 16:20;21
20.05.2024 16:30;20.7
20.05.2024 16:40;20.6
20.05.2024 16:50;20.4
20.05.2024 17:00;20.2
20.05.2024 17:10;20.1
20.05.2024 17:20;19.8
20.05.2024 17:30;19.7
20.05.2024 17:40;19.6
20.05.2024 17:50;19.4
20.05.2024 18:00;19.2
20.05.2024 18:10;18.9
20.05.2024 18:20;18.7
20.05.2024 18:30;18.6
20.05.2024 18:40;18.3
20.05.2024 18:50;18.3
20.05.2024 19:00;18.2
20.05.2024 19:10;18.3
20.05.2024 19:20;18.1
20.05.2024 19:30;17.8
20.05.2024 19:40;17.3
20.05.2024 19:50;17.2
20.05.2024 20:00;17
20.05.2024 20:10;17.2
20.05.2024 20:20;17
20.05.2024 20:30;17
20.05.2024 20:40;16.9
20.05.2024 20:50;16.7
20.05.2024 21:00;16.5
20.05.2024 21:10;16.3
20.05.2024 21:20;16.2
20.05.2024 21:30;15.9
20.05.2024 21:40;15.8
20.05.2024 21:50;15.7
20.05.2024 22:00;15.6
20.05.2024 22:10;15.5
20.05.2024 22:20;15.4
20.05.2024 22:30;15.3
20.05.2024 22:40;15.2
20.05.2024 22:50;15.1
20.05.2024 23:00;15
20.05.2024 23:10;14.8
20.05.2024 23:20;14.8
20.05.2024 23:30;14.7
20.05.2024 23:40;14.6
20.05.2024 23:50;14.5
21.05.2024 00:00;14.5
21.05.2024 00:10;14.3
21.05.2024 00:20;14.4
21.05.2024 00:30;14.3
21.05.2024 00:40;14.1
21.05.2024 00:50;14.1
21.05.2024 01:00;14.1
21.05.2024 01:10;14.1
21.05.2024 01:20;14
21.05.2024 01:30;13.9
21.05.2024 01:40;13.8
21.05.2024 01:50;13.8
21.05.2024 02:00;13.7
21.05.2024 02:10;13.6
21.05.2024 02:20;13.5
21.05.2024 02:30;13.6
21.05.2024 02:40;13.7
21.05.2024 02:50;13.6
21.05.2024 03:00;13.7
21.05.2024 03:10;13.7
21.05.2024 03:20;13.9
21.05.2024 03:30;14
21.05.2024 03:40;14
21.05.2024 03:50;14
21.05.2024 04:00;14.1
21.05.2024 04:10;14.1
21.05.2024 04:20;14.1
21.05.2024 04:30;14.1
21.05.2024 04:40;14.3
21.05.2024 04:50;14.3
21.05.2024 05:00;14.5
21.05.2024 05:10;14.9
21.05.2024 05:20;14.9
21.05.2024 05:30;14.9
21.05.2024 05:40;14.9
21.05.2024 05:50;15
21.05.2024 06:00;15.1
21.05.2024 06:10;15.3
21.05.2024 06:20;15.4
21.05.2024 06:30;15.7
21.05.2024 06:40;15.9
21.05.2024 06:50;15.8
21.05.2024 07:00;15.7
21.05.2024 07:10;15.8
21.05.2024 07:20;16.1
21.05.2024 07:30;16.2
21.05.2024 07:40;16.9
21.05.2024 07:50;16.6
21.05.2024 08:00;16.8
21.05.2024 08:10;17.2
21.05.2024 08:20;17.2
21.05.2024 08:30;16.8
21.05.2024 08:40;17.2
21.05.2024 08:50;16.9
21.05.2024 09:00;16.8
21.05.2024 09:10;17.7
21.05.2024 09:20;17.6
21.05.2024 09:30;17.7
21.05.2024 09:40;17.7
21.05.2024 09:50;17.6
21.05.2024 10:00;17.3
21.05.2024 10:10;17
21.05.2024 10:20;16.9
21.05.2024 10:30;16.6
21.05.2024 10:40;16.5
21.05.2024 10:50;16.5
21.05.2024 11:00;16.3
21.05.2024 11:10;16.3
21.05.2024 11:20;16.3
21.05.2024 11:30;16.3
21.05.2024 11:40;16.5
21.05.2024 11:50;16.6
21.05.2024 12:00;16.8
21.05.2024 12:10;17.1
21.05.2024 12:20;17.3
21.05.2024 12:30;17.5
21.05.2024 12:40;17.8
21.05.2024 12:50;18.2
21.05.2024 13:00;18.1
21.05.2024 13:10;18.4
21.05.2024 13:20;18.2
21.05.2024 13:30;18.2
21.05.2024 13:40;18.4
21.05.2024 13:50;18.6
21.05.2024 14:00;18.6
21.05.2024 14:10;18.5
21.05.2024 14:20;18.3
21.05.2024 14:30;18
21.05.2024 14:40;17.7
21.05.2024 14:50;17.3
21.05.2024 15:00;17.2
21.05.2024 15:10;17.2
21.05.2024 15:20;17.1
21.05.2024 15:30;15.3
21.05.2024 15:40;14.1
21.05.2024 15:50;13.6
21.05.2024 16:00;13.4
21.05.2024 16:10;13
21.05.2024 16:20;12.9
21.05.2024 16:30;12.4
21.05.2024 16:40;12.2
21.05.2024 16:50;12.1
21.05.2024 17:00;12
21.05.2024 17:10;11.9
21.05.2024 17:20;11.9
21.05.2024 17:30;11.8
21.05.2024 17:40;11.9
21.05.2024 17:50;11.9
21.05.2024 18:00;11.8
21.05.2024 18:10;11.6
21.05.2024 18:20;11.6
21.05.2024 18:30;11.6
21.05.2024 18:40;11.5
21.05.2024 18:50;11.4
21.05.2024 19:00;11.3
21.05.2024 19:10;11.2
21.05.2024 19:20;11.3
21.05.2024 19:30;11.2
21.05.2024 19:40;11.2
21.05.2024 19:50;11.1
21.05.2024 20:00;11.1
21.05.2024 20:10;10.9
21.05.2024 20:20;10.8
21.05.2024 20:30;10.7
21.05.2024 20:40;10.7
21.05.2024 20:50;10.6
21.05.2024 21:00;10.5
21.05.2024 21:10;10.5
21.05.2024 21:20;10.5
21.05.2024 21:30;10.4
21.05.2024 21:40;10.4
21.05.2024 21:50;10.5
21.05.2024 22:00;10.5
21.05.2024 22:10;10.4
21.05.2024 22:20;10.4
21.05.2024 22:30;10.4
21.05.2024 22:40;10.4
21.05.2024 22:50;10.5
21.05.2024 23:00;10.4
21.05.2024 23:10;10.4
21.05.2024 23:20;10.4
21.05.2024 23:30;10.5
21.05.2024 23:40;10.4
21.05.2024 23:50;10.4
22.05.2024 00:00;10.3
22.05.2024 00:10;10.3
22.05.2024 00:20;10.3
22.05.2024 00:30;10.3
22.05.2024 00:40;10.3
22.05.2024 00:50;10.3
22.05.2024 01:00;10.2
22.05.2024 01:10;10.2
22.05.2024 01:20;10.1
22.05.2024 01:30;10
22.05.2024 01:40;9.9
22.05.2024 01:50;9.8
22.05.2024 02:00;9.8
22.05.2024 02:10;9.8
22.05.2024 02:20;9.7
22.05.2024 02:30;9.8
22.05.2024 02:40;9.8
22.05.2024 02:50;9.9
22.05.2024 03:00;9.8
22.05.2024 03:10;9.9
22.05.2024 03:20;10
22.05.2024 03:30;10
22.05.2024 03:40;10.1
22.05.2024 03:50;10.1
22.05.2024 04:00;10.1
22.05.2024 04:10;10.1
22.05.2024 04:20;10.1
22.05.2024 04:30;10.2
22.05.2024 04:40;10.2
22.05.2024 04:50;10.5
22.05.2024 05:00;10.5
22.05.2024 05:10;10.5
22.05.2024 05:20;10.6
22.05.2024 05:30;10.6
22.05.2024 05:40;10.6
22.05.2024 05:50;10.7
22.05.2024 06:00;10.8
22.05.2024 06:10;11
22.05.2024 06:20;11.2
22.05.2024 06:30;11.3
22.05.2024 06:40;11.4
22.05.2024 06:50;11.4
22.05.2024 07:00;11.5
22.05.2024 07:10;11.8
22.05.2024 07:20;11.6
22.05.2024 07:30;11.4
22.05.2024 07:40;11.6
22.05.2024 07:50;12
22.05.2024 08:00;12.1
22.05.2024 08:10;12.2
22.05.2024 08:20;12.4
22.05.2024 08:30;12.4
22.05.2024 08:40;12.7
22.05.2024 08:50;13.1
22.05.2024 09:00;13.2
22.05.2024 09:10;13.6
22.05.2024 09:20;13.8
22.05.2024 09:30;13.9
22.05.2024 09:40;14.1
22.05.2024 09:50;14.1
22.05.2024 10:00;14.4
22.05.2024 10:10;14.8
22.05.2024 10:20;14.5
22.05.2024 10:30;14.6
22.05.2024 10:40;14.4
22.05.2024 10:50;14.4
22.05.2024 11:00;13.4
22.05.2024 11:10;13.3
22.05.2024 11:20;13.6
22.05.2024 11:30;13.9
22.05.2024 11:40;14.1
22.05.2024 11:50;14.2
22.05.2024 12:00;14.6
22.05.2024 12:10;15
22.05.2024 12:20;15.1
22.05.2024 12:30;15.5
22.05.2024 12:40;15.9
22.05.2024 12:50;16.1
22.05.2024 13:00;16.9
22.05.2024 13:10;16.9
22.05.2024 13:20;16.1
22.05.2024 13:30;16.5
22.05.2024 13:40;15.7
22.05.2024 13:50;15
22.05.2024 14:00;12.7
22.05.2024 14:10;11.9
22.05.2024 14:20;12.1
22.05.2024 14:30;12.8
22.05.2024 14:40;13.4
22.05.2024 14:50;14.2
22.05.2024 15:00;14.2
22.05.2024 15:10;14.4
22.05.2024 15:20;15
22.05.2024 15:30;15.1
22.05.2024 15:40;15.6
22.05.2024 15:50;15.8
22.05.2024 16:00;15.8
22.05.2024 16:10;15
22.05.2024 16:20;14.9
22.05.2024 16:30;15.2
22.05.2024 16:40;14.9
22.05.2024 16:50;14.8
22.05.2024 17:00;15.4
22.05.2024 17:10;15
22.05.2024 17:20;14.8
22.05.2024 17:30;14.6
22.05.2024 17:40;14.6
22.05.2024 17:50;13.8
22.05.2024 18:00;13.3
22.05.2024 18:10;13.1
22.05.2024 18:20;12.6
22.05.2024 18:30;12
22.05.2024 18:40;11.8
22.05.2024 18:50;11.6
22.05.2024 19:00;11.2
22.05.2024 19:10;11.1
22.05.2024 19:20;11.1
22.05.2024 19:30;11.1
22.05.2024 19:40;11.4
22.05.2024 19:50;11.6
22.05.2024 20:00;11.6
22.05.2024 20:10;11.3
22.05.2024 20:20;11.6
22.05.2024 20:30;11.1
22.05.2024 20:40;11
22.05.2024 20:50;10.8
22.05.2024 21:00;10.5
22.05.2024 21:10;10.6
22.05.2024 21:20;10.7
22.05.2024 21:30;10.4
22.05.2024 21:40;10.3
22.05.2024 21:50;10.9
22.05.2024 22:00;10.5
22.05.2024 22:10;10.6
22.05.2024 22:20;10.4
22.05.2024 22:30;10.6
22.05.2024 22:40;10.1
22.05.2024 22:50;10.1
22.05.2024 23:00;10.2
22.05.2024 23:10;10.2
22.05.2024 23:20;10.3
22.05.2024 23:30;10.8
22.05.2024 23:40;10.6
22.05.2024 23:50;10.7
23.05.2024 00:00;10.5
23.05.2024 00:10;10.3
23.05.2024 00:20;10.3
23.05.2024 00:30;10.4
23.05.2024 00:40;10.4
23.05.2024 00:50;10
23.05.2024 01:00;10.1
23.05.2024 01:10;10.2
23.05.2024 01:20;10.2
23.05.2024 01:30;10.3
23.05.2024 01:40;10.2
23.05.2024 01:50;10.4
23.05.2024 02:00;10.4
23.05.2024 02:10;10.2
23.05.2024 02:20;10
23.05.2024 02:30;10.4
23.05.2024 02:40;10
23.05.2024 02:50;10
23.05.2024 03:00;10
23.05.2024 03:10;10.2
23.05.2024 03:20;10
23.05.2024 03:30;10.1
23.05.2024 03:40;10.4
23.05.2024 03:50;10.4
23.05.2024 04:00;10.9
23.05.2024 04:10;10.9
23.05.2024 04:20;10.5
23.05.2024 04:30;10.5
23.05.2024 04:40;10.4
23.05.2024 04:50;10.5
23.05.2024 05:00;10.8
23.05.2024 05:10;11.1
23.05.2024 05:20;11.2
23.05.2024 05:30;11.3
23.05.2024 05:40;11.5
23.05.2024 05:50;11.5
23.05.2024 06:00;11.8
23.05.2024 06:10;12.2
23.05.2024 06:20;12.3
23.05.2024 06:30;12.4
23.05.2024 06:40;12.7
23.05.2024 06:50;12.8
23.05.2024 07:00;12.9
23.05.2024 07:10;13.2
23.05.2024 07:20;13.6
23.05.2024 07:30;14
23.05.2024 07:40;14.6
23.05.2024 07:50;15
23.05.2024 08:00;15.2
23.05.2024 08:10;14.8
23.05.2024 08:20;15.3
23.05.2024 08:30;15.4
23.05.2024 08:40;15.4
23.05.2024 08:50;14.8
23.05.2024 09:00;14.9
23.05.2024 09:10;15.5
23.05.2024 09:20;16.5
23.05.2024 09:30;16
23.05.2024 09:40;15.4
23.05.2024 09:50;15.9
23.05.2024 10:00;16.6
23.05.2024 10:10;17.6
23.05.2024 10:20;16.9
23.05.2024 10:30;17.9
23.05.2024 10:40;17.8
23.05.2024 10:50;17.7
23.05.2024 11:00;17.8
23.05.2024 11:10;17.6
23.05.2024 11:20;17.5
23.05.2024 11:30;17.8
23.05.2024 11:40;18.1
23.05.2024 11:50;17.4
23.05.2024 12:00;17.7
23.05.2024 12:10;17.7
23.05.2024 12:20;17.5
23.05.2024 12:30;17.6
23.05.2024 12:40;18.3
23.05.2024 12:50;18.5
23.05.2024 13:00;18.3
23.05.2024 13:10;18.9
23.05.2024 13:20;18.3
23.05.2024 13:30;18.7
23.05.2024 13:40;18.8
23.05.2024 13:50;18.7
23.05.2024 14:00;18.4
23.05.2024 14:10;18.3
23.05.2024 14:20;18.1
23.05.2024 14:30;18.7
23.05.2024 14:40;18.5
23.05.2024 14:50;18.6
23.05.2024 15:00;18.4
23.05.2024 15:10;18.5
23.05.2024 15:20;18.7
23.05.2024 15:30;19.1
23.05.2024 15:40;18.7
23.05.2024 15:50;18.8
23.05.2024 16:00;19.1
23.05.2024 16:10;19
23.05.2024 16:20;18.5
23.05.2024 16:30;18.3
23.05.2024 16:40;18.1
23.05.2024 16:50;17.9
23.05.2024 17:00;17.7
23.05.2024 17:10;17.7
23.05.2024 17:20;17.6
23.05.2024 17:30;17.5
23.05.2024 17:40;17.3
23.05.2024 17:50;17.2
23.05.2024 18:00;17.2
23.05.2024 18:10;17.2
23.05.2024 18:20;17.2
23.05.2024 18:30;17
23.05.2024 18:40;16.9
23.05.2024 18:50;16.7
23.05.2024 19:00;16.6
23.05.2024 19:10;16.4
23.05.2024 19:20;16.5
23.05.2024 19:30;16.3
23.05.2024 19:40;15.9
23.05.2024 19:50;13.4
23.05.2024 20:00;12.9
23.05.2024 20:10;11.8
23.05.2024 20:20;11.5
23.05.2024 20:30;11.4
23.05.2024 20:40;11.2
23.05.2024 20:50;11
23.05.2024 21:00;10.9
23.05.2024 21:10;10.8
23.05.2024 21:20;10.8
23.05.2024 21:30;10.7
23.05.2024 21:40;10.8
23.05.2024 21:50;10.9
23.05.2024 22:00;10.9
23.05.2024 22:10;10.8
23.05.2024 22:20;10.8
23.05.2024 22:30;10.7
23.05.2024 22:40;10.7
23.05.2024 22:50;10.6
23.05.2024 23:00;10.6
23.05.2024 23:10;10.5
23.05.2024 23:20;10.3
23.05.2024 23:30;10.3
23.05.2024 23:40;10.1
23.05.2024 23:50;10.1
24.05.2024 00:00;10.1
24.05.2024 00:10;10
24.05.2024 00:20;10
24.05.2024 00:30;9.9
24.05.2024 00:40;9.9
24.05.2024 00:50;10
24.05.2024 01:00;10
24.05.2024 01:10;10
24.05.2024 01:20;10.1
24.05.2024 01:30;10
24.05.2024 01:40;10
24.05.2024 01:50;10
24.05.2024 02:00;9.9
24.05.2024 02:10;10
24.05.2024 02:20;9.9
24.05.2024 02:30;9.9
24.05.2024 02:40;9.8
24.05.2024 02:50;9.8
24.05.2024 03:00;9.8
24.05.2024 03:10;9.8
24.05.2024 03:20;9.7
24.05.2024 03:30;9.7
24.05.2024 03:40;9.8
24.05.2024 03:50;9.8
24.05.2024 04:00;9.7
24.05.2024 04:10;9.7
24.05.2024 04:20;9.8
24.05.2024 04:30;9.8
24.05.2024 04:40;9.8
24.05.2024 04:50;9.9
24.05.2024 05:00;10
24.05.2024 05:10;10.1
24.05.2024 05:20;10.1
24.05.2024 05:30;10.1
24.05.2024 05:40;10.3
24.05.2024 05:50;10.3
24.05.2024 06:00;10.5
24.05.2024 06:10;10.6
24.05.2024 06:20;10.9
24.05.2024 06:30;11.1
24.05.2024 06:40;11.1
24.05.2024 06:50;11.2
24.05.2024 07:00;11.4
24.05.2024 07:10;11.5
24.05.2024 07:20;11.5
24.05.2024 07:30;11.6
24.05.2024 07:40;11.7
24.05.2024 07:50;11.9
24.05.2024 08:00;12.9
24.05.2024 08:10;12.8
24.05.2024 08:20;13.4
24.05.2024 08:30;13.3
24.05.2024 08:40;13.4
24.05.2024 08:50;14.2
24.05.2024 09:00;13.8
24.05.2024 09:10;14.4
24.05.2024 09:20;14.8
24.05.2024 09:30;14.7
24.05.2024 09:40;15.3
24.05.2024 09:50;15.4
24.05.2024 10:00;14.7
24.05.2024 10:10;16
24.05.2024 10:20;15
24.05.2024 10:30;15.7
24.05.2024 10:40;16.2
24.05.2024 10:50;16.3
24.05.2024 11:00;16.4
24.05.2024 11:10;15.9
24.05.2024 11:20;15.7
24.05.2024 11:30;16.2
24.05.2024 11:40;16.5
24.05.2024 11:50;16.4
24.05.2024 12:00;16.1
24.05.2024 12:10;16.4
24.05.2024 12:20;16.9
24.05.2024 12:30;16.6
24.05.2024 12:40;17.4
24.05.2024 12:50;16.7
24.05.2024 13:00;17.3
24.05.2024 13:10;17.2
24.05.2024 13:20;17.3
24.05.2024 13:30;17.8
24.05.2024 13:40;17.6
24.05.2024 13:50;17
24.05.2024 14:00;17.1
24.05.2024 14:10;17.1
24.05.2024 14:20;18.8
24.05.2024 14:30;17.4
24.05.2024 14:40;17.1
24.05.2024 14:50;15.7
24.05.2024 15:00;14.4
24.05.2024 15:10;14.3
24.05.2024 15:20;14.5
24.05.2024 15:30;14.8
24.05.2024 15:40;14.8
24.05.2024 15:50;14.9
24.05.2024 16:00;14.6
24.05.2024 16:10;14.7
24.05.2024 16:20;14.3
24.05.2024 16:30;14.3
24.05.2024 16:40;14.2
24.05.2024 16:50;14.2
24.05.2024 17:00;14.3
24.05.2024 17:10;14.2
24.05.2024 17:20;14.3
24.05.2024 17:30;14.4
24.05.2024 17:40;14.2
24.05.2024 17:50;14.7
24.05.2024 18:00;14.4
24.05.2024 18:10;14.3
24.05.2024 18:20;14
24.05.2024 18:30;14.5
24.05.2024 18:40;14.2
24.05.2024 18:50;14.3
24.05.2024 19:00;14.5
24.05.2024 19:10;14.3
24.05.2024 19:20;14.4
24.05.2024 19:30;14.6
24.05.2024 19:40;14.3
24.05.2024 19:50;14.4
24.05.2024 20:00;14.4
24.05.2024 20:10;14.4
24.05.2024 20:20;14.2
24.05.2024 20:30;14.1
24.05.2024 20:40;14.1
24.05.2024 20:50;14.1
24.05.2024 21:00;14
24.05.2024 21:10;13.9
24.05.2024 21:20;13.9
24.05.2024 21:30;13.9
24.05.2024 21:40;13.9
24.05.2024 21:50;13.7
24.05.2024 22:00;13.5
24.05.2024 22:10;13.4
24.05.2024 22:20;13.3
24.05.2024 22:30;13.3
24.05.2024 22:40;13.1
24.05.2024 22:50;13
24.05.2024 23:00;13
24.05.2024 23:10;12.5
24.05.2024 23:20;12.7
24.05.2024 23:30;12.3
24.05.2024 23:40;11.6
24.05.2024 23:50;11.7
25.05.2024 00:00;12
25.05.2024 00:10;12.2
25.05.2024 00:20;12.1
25.05.2024 00:30;11.6
25.05.2024 00:40;11.4
25.05.2024 00:50;11.3
25.05.2024 01:00;11.2
25.05.2024 01:10;11.1
25.05.2024 01:20;11.1
25.05.2024 01:30;11.1
25.05.2024 01:40;10.9
25.05.2024 01:50;10.8
25.05.2024 02:00;10.9
25.05.2024 02:10;10.8
25.05.2024 02:20;10.7
25.05.2024 02:30;10.5
25.05.2024 02:40;10.5
25.05.2024 02:50;10.5
25.05.2024 03:00;10.5
25.05.2024 03:10;10.5
25.05.2024 03:20;10.4
25.05.2024 03:30;10.4
25.05.2024 03:40;10.4
25.05.2024 03:50;10.4
25.05.2024 04:00;10.3
25.05.2024 04:10;10.4
25.05.2024 04:20;10.4
25.05.2024 04:30;10.7
25.05.2024 04:40;10.8
25.05.2024 04:50;11
25.05.2024 05:00;11.2
25.05.2024 05:10;11.2
25.05.2024 05:20;11.4
25.05.2024 05:30;11.8
25.05.2024 05:40;11.8
25.05.2024 05:50;11.8
25.05.2024 06:00;12.1
25.05.2024 06:10;12.1
25.05.2024 06:20;12.1
25.05.2024 06:30;12.1
25.05.2024 06:40;12
25.05.2024 06:50;12
25.05.2024 07:00;11.9
25.05.2024 07:10;11.9
25.05.2024 07:20;12.1
25.05.2024 07:30;12.2
25.05.2024 07:40;12.4
25.05.2024 07:50;12.5
25.05.2024 08:00;12.6
25.05.2024 08:10;12.6
25.05.2024 08:20;12.9
25.05.2024 08:30;12.8
25.05.2024 08:40;12.9
25.05.2024 08:50;13.3
25.05.2024 09:00;13.4
25.05.2024 09:10;13.9
25.05.2024 09:20;13.6
25.05.2024 09:30;14.1
25.05.2024 09:40;14.3
25.05.2024 09:50;14.4
25.05.2024 10:00;14.6
25.05.2024 10:10;14.7
25.05.2024 10:20;15.9
25.05.2024 10:30;14.7
25.05.2024 10:40;15
25.05.2024 10:50;14.8
25.05.2024 11:00;15.1
25.05.2024 11:10;15.1
25.05.2024 11:20;15.1
25.05.2024 11:30;14.8
25.05.2024 11:40;15.2
25.05.2024 11:50;15.1
25.05.2024 12:00;15.3
25.05.2024 12:10;15.7
25.05.2024 12:20;15.5
25.05.2024 12:30;15.2
25.05.2024 12:40;15.1
25.05.2024 12:50;14.9
25.05.2024 13:00;15
25.05.2024 13:10;14.9
25.05.2024 13:20;14.9
25.05.2024 13:30;15
25.05.2024 13:40;15.4
25.05.2024 13:50;16.3
25.05.2024 14:00;15.9
25.05.2024 14:10;16.3
25.05.2024 14:20;16.5
25.05.2024 14:30;16.6
25.05.2024 14:40;16.9
25.05.2024 14:50;17.6
25.05.2024 15:00;16.9
25.05.2024 15:10;16.5
25.05.2024 15:20;16.2
25.05.2024 15:30;16.6
25.05.2024 15:40;16.2
25.05.2024 15:50;16.1
25.05.2024 16:00;15.8
25.05.2024 16:10;15.7
25.05.2024 16:20;15.5
25.05.2024 16:30;15.4
25.05.2024 16:40;15.1
25.05.2024 16:50;14.8
25.05.2024 17:00;14.3
25.05.2024 17:10;13.9
25.05.2024 17:20;13.6
25.05.2024 17:30;13.4
25.05.2024 17:40;13.3
25.05.2024 17:50;13.2
25.05.2024 18:00;13.3
25.05.2024 18:10;13.3
25.05.2024 18:20;13
25.05.2024 18:30;12.9
25.05.2024 18:40;13
25.05.2024 18:50;13.4
25.05.2024 19:00;12.7
25.05.2024 19:10;12.6
25.05.2024 19:20;12.5
25.05.2024 19:30;12.4
25.05.2024 19:40;12.3
25.05.2024 19:50;12.1
25.05.2024 20:00;11.9
25.05.2024 20:10;11.9
25.05.2024 20:20;11.9
25.05.2024 20:30;12
25.05.2024 20:40;12.3
25.05.2024 20:50;12
25.05.2024 21:00;12.2
25.05.2024 21:10;12.2
25.05.2024 21:20;12.4
25.05.2024 21:30;12.9
25.05.2024 21:40;12.7
25.05.2024 21:50;12.8
25.05.2024 22:00;12.7
25.05.2024 22:10;12.4
25.05.2024 22:20;13.1
25.05.2024 22:30;12.5
25.05.2024 22:40;11.7
25.05.2024 22:50;12.2
25.05.2024 23:00;12.3
25.05.2024 23:10;11.8
25.05.2024 23:20;12.1
25.05.2024 23:30;12.4
25.05.2024 23:40;12.6
25.05.2024 23:50;12.7
26.05.2024 00:00;13.1
26.05.2024 00:10;12.6
26.05.2024 00:20;11.4
26.05.2024 00:30;11.1
26.05.2024 00:40;11.4
26.05.2024 00:50;11.9
26.05.2024 01:00;12.5
26.05.2024 01:10;12.3
26.05.2024 01:20;11.9
26.05.2024 01:30;11.7
26.05.2024 01:40;11.7
26.05.2024 01:50;12.1
26.05.2024 02:00;11.8
26.05.2024 02:10;11.3
26.05.2024 02:20;11.6
26.05.2024 02:30;11.8
26.05.2024 02:40;11.9
26.05.2024 02:50;12.1
26.05.2024 03:00;10.9
26.05.2024 03:10;10.2
26.05.2024 03:20;10.3
26.05.2024 03:30;10.7
26.05.2024 03:40;11.5
26.05.2024 03:50;11.5
26.05.2024 04:00;11.5
26.05.2024 04:10;11.3
26.05.2024 04:20;11.4
26.05.2024 04:30;10.9
26.05.2024 04:40;10.9
26.05.2024 04:50;11.2
26.05.2024 05:00;11.2
26.05.2024 05:10;11.2
26.05.2024 05:20;11.2
26.05.2024 05:30;11.5
26.05.2024 05:40;11.5
26.05.2024 05:50;11.7
26.05.2024 06:00;11.9
26.05.2024 06:10;12
26.05.2024 06:20;12
26.05.2024 06:30;12.1
26.05.2024 06:40;12.3
26.05.2024 06:50;12.4
26.05.2024 07:00;12.7
26.05.2024 07:10;12.8
26.05.2024 07:20;12.7
26.05.2024 07:30;13
26.05.2024 07:40;13.2
26.05.2024 07:50;13.9
26.05.2024 08:00;14.6
26.05.2024 08:10;15
26.05.2024 08:20;15
26.05.2024 08:30;15.2
26.05.2024 08:40;14.2
26.05.2024 08:50;13.7
26.05.2024 09:00;14.1
26.05.2024 09:10;14
26.05.2024 09:20;14.2
26.05.2024 09:30;14.7
26.05.2024 09:40;14.6
26.05.2024 09:50;14.5
26.05.2024 10:00;14.2
26.05.2024 10:10;14
26.05.2024 10:20;14
26.05.2024 10:30;14.1
26.05.2024 10:40;14.1
26.05.2024 10:50;14.2
26.05.2024 11:00;14.4
26.05.2024 11:10;14.4
26.05.2024 11:20;14.8
26.05.2024 11:30;14.9
26.05.2024 11:40;15.2
26.05.2024 11:50;15.4
26.05.2024 12:00;15.9
26.05.2024 12:10;15.7
26.05.2024 12:20;16
26.05.2024 12:30;16.3
26.05.2024 12:40;16.5
26.05.2024 12:50;16
26.05.2024 13:00;16.4
26.05.2024 13:10;16.5
26.05.2024 13:20;16.4
26.05.2024 13:30;16.2
26.05.2024 13:40;16.3
26.05.2024 13:50;16.6
26.05.2024 14:00;16.6
26.05.2024 14:10;17.2
26.05.2024 14:20;16.9
26.05.2024 14:30;16.8
26.05.2024 14:40;16.9
26.05.2024 14:50;16.9
26.05.2024 15:00;16.9
26.05.2024 15:10;16.8
26.05.2024 15:20;16.6
26.05.2024 15:30;16.6
26.05.2024 15:40;16.6
26.05.2024 15:50;16.7
26.05.2024 16:00;17
26.05.2024 16:10;17.2
26.05.2024 16:20;17.3
26.05.2024 16:30;17.3
26.05.2024 16:40;17.2
26.05.2024 16:50;17.1
26.05.2024 17:00;17.1
26.05.2024 17:10;17.2
26.05.2024 17:20;17
26.05.2024 17:30;16.9
26.05.2024 17:40;16.8
26.05.2024 17:50;16.5
26.05.2024 18:00;16.6
26.05.2024 18:10;16.6
26.05.2024 18:20;16.4
26.05.2024 18:30;16.3
26.05.2024 18:40;16.1
26.05.2024 18:50;16
26.05.2024 19:00;15.9
26.05.2024 19:10;15.8
26.05.2024 19:20;15.7
26.05.2024 19:30;15.7
26.05.2024 19:40;15.5
26.05.2024 19:50;15.3
26.05.2024 20:00;15.2
26.05.2024 20:10;15.1
26.05.2024 20:20;15.2
26.05.2024 20:30;15.1
26.05.2024 20:40;15.2
26.05.2024 20:50;15.2
26.05.2024 21:00;15.2
26.05.2024 21:10;15.1
26.05.2024 21:20;15.1
26.05.2024 21:30;14.9
26.05.2024 21:40;14.8
26.05.2024 21:50;14.8
26.05.2024 22:00;14.8
26.05.2024 22:10;14.9
26.05.2024 22:20;14.7
26.05.2024 22:30;14.8
26.05.2024 22:40;14.6
26.05.2024 22:50;14.6
26.05.2024 23:00;14.2
26.05.2024 23:10;14.4
26.05.2024 23:20;14.7
26.05.2024 23:30;14.6
26.05.2024 23:40;14.4
26.05.2024 23:50;14.2
27.05.2024 00:00;13.8
27.05.2024 00:10;13.9
27.05.2024 00:20;14
27.05.2024 00:30;14.3
27.05.2024 00:40;14.4
27.05.2024 00:50;14.3
27.05.2024 01:00;14.2
27.05.2024 01:10;14
27.05.2024 01:20;14
27.05.2024 01:30;13.5
27.05.2024 01:40;13.7
27.05.2024 01:50;13.6
27.05.2024 02:00;13.5
27.05.2024 02:10;13.5
27.05.2024 02:20;13.7
27.05.2024 02:30;13.8
27.05.2024 02:40;14.6
27.05.2024 02:50;14.6
27.05.2024 03:00;14.8
27.05.2024 03:10;14.2
27.05.2024 03:20;13.8
27.05.2024 03:30;13.7
27.05.2024 03:40;13.7
27.05.2024 03:50;13.5
27.05.2024 04:00;14.3
27.05.2024 04:10;13.7
27.05.2024 04:20;14
27.05.2024 04:30;14.6
27.05.2024 04:40;14.3
27.05.2024 04:50;14.6
27.05.2024 05:00;15.5
27.05.2024 05:10;15.9
27.05.2024 05:20;16.3
27.05.2024 05:30;15.4
27.05.2024 05:40;14.7
27.05.2024 05:50;15.2
27.05.2024 06:00;15.1
27.05.2024 06:10;15
27.05.2024 06:20;15
27.05.2024 06:30;16.1
27.05.2024 06:40;15.8
27.05.2024 06:50;15.8
27.05.2024 07:00;15.8
27.05.2024 07:10;15.5
27.05.2024 07:20;15.2
27.05.2024 07:30;15.2
27.05.2024 07:40;15.5
27.05.2024 07:50;15.7
27.05.2024 08:00;15.8
27.05.2024 08:10;15.8
27.05.2024 08:20;16.3
27.05.2024 08:30;16.8
27.05.2024 08:40;17.3
27.05.2024 08:50;17.3
27.05.2024 09:00;17.8
27.05.2024 09:10;17.9
27.05.2024 09:20;18.6
27.05.2024 09:30;18.6
27.05.2024 09:40;18.4
27.05.2024 09:50;18.8
27.05.2024 10:00;19.3
27.05.2024 10:10;19.1
27.05.2024 10:20;19
27.05.2024 10:30;19.2
27.05.2024 10:40;19
27.05.2024 10:50;19.1
27.05.2024 11:00;19.2
27.05.2024 11:10;19.6
27.05.2024 11:20;19.5
27.05.2024 11:30;19.9
27.05.2024 11:40;20.4
27.05.2024 11:50;20.1
27.05.2024 12:00;20
27.05.2024 12:10;20.6
27.05.2024 12:20;20.3
27.05.2024 12:30;20.3
27.05.2024 12:40;20.2
27.05.2024 12:50;20.6
27.05.2024 13:00;20.9
27.05.2024 13:10;20.6
27.05.2024 13:20;20.8
27.05.2024 13:30;20.8
27.05.2024 13:40;20.9
27.05.2024 13:50;21.1
27.05.2024 14:00;20.6
27.05.2024 14:10;20.8
27.05.2024 14:20;20.8
27.05.2024 14:30;20.7
27.05.2024 14:40;20.7
27.05.2024 14:50;20.7
27.05.2024 15:00;20.7
27.05.2024 15:10;20.8
27.05.2024 15:20;20.8
27.05.2024 15:30;20.7
27.05.2024 15:40;20.7
27.05.2024 15:50;20.8
27.05.2024 16:00;20.6
27.05.2024 16:10;20.5
27.05.2024 16:20;20.4
27.05.2024 16:30;20.4
27.05.2024 16:40;20.2
27.05.2024 16:50;19.9
27.05.2024 17:00;19.8
27.05.2024 17:10;19.8
27.05.2024 17:20;19.8
27.05.2024 17:30;19.7
27.05.2024 17:40;19.7
27.05.2024 17:50;19.5
27.05.2024 18:00;19.5
27.05.2024 18:10;19.3
27.05.2024 18:20;19.1
27.05.2024 18:30;19.1
27.05.2024 18:40;19
27.05.2024 18:50;18.9
27.05.2024 19:00;18.9
27.05.2024 19:10;18.9
27.05.2024 19:20;18.8
27.05.2024 19:30;18.7
27.05.2024 19:40;18.5
27.05.2024 19:50;18.4
27.05.2024 20:00;18.6
27.05.2024 20:10;18.1
27.05.2024 20:20;18.1
27.05.2024 20:30;18.2
27.05.2024 20:40;18.3
27.05.2024 20:50;18.4
27.05.2024 21:00;18.2
27.05.2024 21:10;17.9
27.05.2024 21:20;17.9
27.05.2024 21:30;17.3
27.05.2024 21:40;16.1
27.05.2024 21:50;16.4
27.05.2024 22:00;16.6
27.05.2024 22:10;16.5
27.05.2024 22:20;16.8
27.05.2024 22:30;16.5
27.05.2024 22:40;15.4
27.05.2024 22:50;15.1
27.05.2024 23:00;15
27.05.2024 23:10;14.5
27.05.2024 23:20;14.3
27.05.2024 23:30;14.3
27.05.2024 23:40;14.2
27.05.2024 23:50;14.1
28.05.2024 00:00;14
28.05.2024 00:10;13.9
28.05.2024 00:20;13.7
28.05.2024 00:30;13.5
28.05.2024 00:40;13.3
28.05.2024 00:50;13.2
28.05.2024 01:00;13.2
28.05.2024 01:10;13
28.05.2024 01:20;12.8
28.05.2024 01:30;12.7
28.05.2024 01:40;12.5
28.05.2024 01:50;12.4
28.05.2024 02:00;12.2
28.05.2024 02:10;12.2
28.05.2024 02:20;12.2
28.05.2024 02:30;12.2
28.05.2024 02:40;12.3
28.05.2024 02:50;12.3
28.05.2024 03:00;12.3
28.05.2024 03:10;12.4
28.05.2024 03:20;12.4
28.05.2024 03:30;12.4
28.05.2024 03:40;12.4
28.05.2024 03:50;12.4
28.05.2024 04:00;12.5
28.05.2024 04:10;12.6
28.05.2024 04:20;12.5
28.05.2024 04:30;12.6
28.05.2024 04:40;12.5
28.05.2024 04:50;12.5
28.05.2024 05:00;12.4
28.05.2024 05:10;12.3
28.05.2024 05:20;12.2
28.05.2024 05:30;12.1
28.05.2024 05:40;12.1
28.05.2024 05:50;12.2
28.05.2024 06:00;12
28.05.2024 06:10;11.9
28.05.2024 06:20;11.9
28.05.2024 06:30;12
28.05.2024 06:40;12.1
28.05.2024 06:50;12.2
28.05.2024 07:00;12.2
28.05.2024 07:10;12.2
28.05.2024 07:20;12.1
28.05.2024 07:30;12.1
28.05.2024 07:40;12.1
28.05.2024 07:50;11.6
28.05.2024 08:00;10.6
28.05.2024 08:10;10.4
28.05.2024 08:20;10.3
28.05.2024 08:30;10.3
28.05.2024 08:40;10.2
28.05.2024 08:50;10.3
28.05.2024 09:00;10.2
28.05.2024 09:10;10.3
28.05.2024 09:20;10.4
28.05.2024 09:30;10.4
28.05.2024 09:40;10.6
28.05.2024 09:50;10.7
28.05.2024 10:00;10.6
28.05.2024 10:10;10.5
28.05.2024 10:20;10.9
28.05.2024 10:30;10.8
28.05.2024 10:40;11.1
28.05.2024 10:50;11.1
28.05.2024 11:00;11.1
28.05.2024 11:10;11.2
28.05.2024 11:20;11.3
28.05.2024 11:30;11.5
28.05.2024 11:40;11.3
28.05.2024 11:50;11.1
28.05.2024 12:00;11.3
28.05.2024 12:10;11.2
28.05.2024 12:20;11.5
28.05.2024 12:30;11.7
28.05.2024 12:40;11.7
28.05.2024 12:50;11.6
28.05.2024 13:00;11.5
28.05.2024 13:10;11.4
28.05.2024 13:20;11.5
28.05.2024 13:30;11.6
28.05.2024 13:40;11.6
28.05.2024 13:50;11.6
28.05.2024 14:00;11.6
28.05.2024 14:10;11.6
28.05.2024 14:20;11.6
28.05.2024 14:30;11.7
28.05.2024 14:40;11.8
28.05.2024 14:50;11.9
28.05.2024 15:00;11.8
28.05.2024 15:10;11.7
28.05.2024 15:20;11.9
28.05.2024 15:30;11.8
28.05.2024 15:40;11.8
28.05.2024 15:50;11.7
28.05.2024 16:00;11.7
28.05.2024 16:10;11.7
28.05.2024 16:20;11.8
28.05.2024 16:30;11.9
28.05.2024 16:40;11.9
28.05.2024 16:50;11.9
28.05.2024 17:00;11.8
28.05.2024 17:10;11.8
28.05.2024 17:20;11.8
28.05.2024 17:30;11.8
28.05.2024 17:40;11.8
28.05.2024 17:50;11.6
28.05.2024 18:00;11.6
28.05.2024 18:10;11.5
28.05.2024 18:20;11.5
28.05.2024 18:30;11.5
28.05.2024 18:40;11.5
28.05.2024 18:50;11.4
28.05.2024 19:00;11.2
28.05.2024 19:10;11.1
28.05.2024 19:20;11.1
28.05.2024 19:30;10.8
28.05.2024 19:40;10.4
28.05.2024 19:50;10.2
28.05.2024 20:00;9.9
28.05.2024 20:10;10
28.05.2024 20:20;9.9
28.05.2024 20:30;10.3
28.05.2024 20:40;10.2
28.05.2024 20:50;10.6
28.05.2024 21:00;10.4
28.05.2024 21:10;10.2
28.05.2024 21:20;10
28.05.2024 21:30;10.2
28.05.2024 21:40;9.8
28.05.2024 21:50;10.3
28.05.2024 22:00;10
28.05.2024 22:10;9.7
28.05.2024 22:20;9.4
28.05.2024 22:30;9.4
28.05.2024 22:40;9.3
28.05.2024 22:50;9.2
28.05.2024 23:00;9.6
28.05.2024 23:10;9.9
28.05.2024 23:20;9.9
28.05.2024 23:30;9.7
28.05.2024 23:40;10.1
28.05.2024 23:50;10.2
29.05.2024 00:00;10.5
29.05.2024 00:10;10.6
29.05.2024 00:20;10.4
29.05.2024 00:30;10.3
29.05.2024 00:40;10.4
29.05.2024 00:50;10.3
29.05.2024 01:00;10.4
29.05.2024 01:10;10.4
29.05.2024 01:20;10.5
29.05.2024 01:30;9.8
29.05.2024 01:40;9.8
29.05.2024 01:50;9.3
29.05.2024 02:00;9
29.05.2024 02:10;9.2
29.05.2024 02:20;9.5
29.05.2024 02:30;9.7
29.05.2024 02:40;9.4
29.05.2024 02:50;9
29.05.2024 03:00;8.8
29.05.2024 03:10;8.6
29.05.2024 03:20;9
29.05.2024 03:30;9.1
29.05.2024 03:40;9
29.05.2024 03:50;8.9
29.05.2024 04:00;8.9
29.05.2024 04:10;9
29.05.2024 04:20;9.5
29.05.2024 04:30;9.4
29.05.2024 04:40;9.7
29.05.2024 04:50;10.2
29.05.2024 05:00;11.4
29.05.2024 05:10;11.2
29.05.2024 05:20;10.8
29.05.2024 05:30;10.7
29.05.2024 05:40;11.4
29.05.2024 05:50;12.7
29.05.2024 06:00;11.4
29.05.2024 06:10;12.7
29.05.2024 06:20;12.3
29.05.2024 06:30;12.4
29.05.2024 06:40;12.9
29.05.2024 06:50;12.6
29.05.2024 07:00;12.7
29.05.2024 07:10;12.7
29.05.2024 07:20;13.1
29.05.2024 07:30;12.9
29.05.2024 07:40;13.3
29.05.2024 07:50;13.3
29.05.2024 08:00;13.7
29.05.2024 08:10;13.6
29.05.2024 08:20;13.4
29.05.2024 08:30;13.9
29.05.2024 08:40;14.1
29.05.2024 08:50;14.2
29.05.2024 09:00;14.7
29.05.2024 09:10;14.7
29.05.2024 09:20;15.5
29.05.2024 09:30;15.4
29.05.2024 09:40;15.6
29.05.2024 09:50;15.1
29.05.2024 10:00;15.5
29.05.2024 10:10;15.9
29.05.2024 10:20;15.6
29.05.2024 10:30;16.2
29.05.2024 10:40;16.3
29.05.2024 10:50;16.4
29.05.2024 11:00;16.9
29.05.2024 11:10;17.3
29.05.2024 11:20;17.1
29.05.2024 11:30;17.1
29.05.2024 11:40;18
29.05.2024 11:50;17.9
29.05.2024 12:00;17.3
29.05.2024 12:10;17.9
29.05.2024 12:20;17.7
29.05.2024 12:30;17.4
29.05.2024 12:40;17.1
29.05.2024 12:50;17.1
29.05.2024 13:00;17.2
29.05.2024 13:10;17.4
29.05.2024 13:20;17.6
29.05.2024 13:30;17.7
29.05.2024 13:40;17.5
29.05.2024 13:50;17.4
29.05.2024 14:00;17.8
29.05.2024 14:10;18
29.05.2024 14:20;17.8
29.05.2024 14:30;17.7
29.05.2024 14:40;17.3
29.05.2024 14:50;17.2
29.05.2024 15:00;17.6
29.05.2024 15:10;17.7
29.05.2024 15:20;17.6
29.05.2024 15:30;17.8
29.05.2024 15:40;17.5
29.05.2024 15:50;17.6
29.05.2024 16:00;17.3
29.05.2024 16:10;17.3
29.05.2024 16:20;17.5
29.05.2024 16:30;17.3
29.05.2024 16:40;17.5
29.05.2024 16:50;17.5
29.05.2024 17:00;17.3
29.05.2024 17:10;17.3
29.05.2024 17:20;17
29.05.2024 17:30;16.9
29.05.2024 17:40;16.8
29.05.2024 17:50;16.6
29.05.2024 18:00;16.3
29.05.2024 18:10;16.2
29.05.2024 18:20;16.2
29.05.2024 18:30;16
29.05.2024 18:40;15.9
29.05.2024 18:50;15.9
29.05.2024 19:00;16
29.05.2024 19:10;15.9
29.05.2024 19:20;15.9
29.05.2024 19:30;15.7
29.05.2024 19:40;15.7
29.05.2024 19:50;15.7
29.05.2024 20:00;15.6
29.05.2024 20:10;15.5
29.05.2024 20:20;15.3
29.05.2024 20:30;15.5
29.05.2024 20:40;15.4
29.05.2024 20:50;15.7
29.05.2024 21:00;15.6
29.05.2024 21:10;15.5
29.05.2024 21:20;15.5
29.05.2024 21:30;14.1
29.05.2024 21:40;14.5
29.05.2024 21:50;14.1
29.05.2024 22:00;14.1
29.05.2024 22:10;14.1
29.05.2024 22:20;14.3
29.05.2024 22:30;14.3
29.05.2024 22:40;14.4
29.05.2024 22:50;14.5
29.05.2024 23:00;14.5
29.05.2024 23:10;14.2
29.05.2024 23:20;14.1
29.05.2024 23:30;14
29.05.2024 23:40;13.4
29.05.2024 23:50;12.7
30.05.2024 00:00;12.6
30.05.2024 00:10;12.6
30.05.2024 00:20;12.2
30.05.2024 00:30;12.6
30.05.2024 00:40;12.2
30.05.2024 00:50;12.1
30.05.2024 01:00;12.1
30.05.2024 01:10;12.2
30.05.2024 01:20;12.7
30.05.2024 01:30;12.7
30.05.2024 01:40;12.5
30.05.2024 01:50;12.3
30.05.2024 02:00;12.4
30.05.2024 02:10;12.2
30.05.2024 02:20;12.3
30.05.2024 02:30;12.3
30.05.2024 02:40;12.3
30.05.2024 02:50;12.2
30.05.2024 03:00;12.2
30.05.2024 03:10;12.3
30.05.2024 03:20;12.4
30.05.2024 03:30;12.5
30.05.2024 03:40;12.5
30.05.2024 03:50;12.3
30.05.2024 04:00;12.5
30.05.2024 04:10;12.9
30.05.2024 04:20;12.9
30.05.2024 04:30;13.1
30.05.2024 04:40;13.6
30.05.2024 04:50;13.5
30.05.2024 05:00;13.4
30.05.2024 05:10;13.3
30.05.2024 05:20;13.3
30.05.2024 05:30;13.3
30.05.2024 05:40;13.3
30.05.2024 05:50;13.2
30.05.2024 06:00;13.2
30.05.2024 06:10;13.2
30.05.2024 06:20;13.2
30.05.2024 06:30;13.3
30.05.2024 06:40;13.4
30.05.2024 06:50;13.7
30.05.2024 07:00;13.4
30.05.2024 07:10;13
30.05.2024 07:20;12.8
30.05.2024 07:30;12.6
30.05.2024 07:40;12.5
30.05.2024 07:50;12.5
30.05.2024 08:00;12.5
30.05.2024 08:10;12.3
30.05.2024 08:20;12.4
30.05.2024 08:30;12.2
30.05.2024 08:40;12.3
30.05.2024 08:50;12.3
30.05.2024 09:00;12.5
30.05.2024 09:10;12.5
30.05.2024 09:20;12.7
30.05.2024 09:30;12.8
30.05.2024 09:40;12.8
30.05.2024 09:50;12.8
30.05.2024 10:00;12.9
30.05.2024 10:10;13.3
30.05.2024 10:20;13.3
30.05.2024 10:30;13.4
30.05.2024 10:40;13.6
30.05.2024 10:50;13.7
30.05.2024 11:00;13.9
30.05.2024 11:10;14
30.05.2024 11:20;14
30.05.2024 11:30;14.7
30.05.2024 11:40;14.7
30.05.2024 11:50;14.6
30.05.2024 12:00;15.2
30.05.2024 12:10;15.2
30.05.2024 12:20;15.7
30.05.2024 12:30;15.8
30.05.2024 12:40;16.2
30.05.2024 12:50;16.1
30.05.2024 13:00;16.1
30.05.2024 13:10;16
30.05.2024 13:20;16.1
30.05.2024 13:30;16.2
30.05.2024 13:40;16.5
30.05.2024 13:50;16.3
30.05.2024 14:00;16.9
30.05.2024 14:10;16.9
30.05.2024 14:20;16.7
30.05.2024 14:30;17
30.05.2024 14:40;16.9
30.05.2024 14:50;17.2
30.05.2024 15:00;17
30.05.2024 15:10;17.2
30.05.2024 15:20;17.4
30.05.2024 15:30;17.5
30.05.2024 15:40;17.2
30.05.2024 15:50;17
30.05.2024 16:00;16.9
30.05.2024 16:10;16.6
30.05.2024 16:20;16.5
30.05.2024 16:30;16.3
30.05.2024 16:40;14
30.05.2024 16:50;13.6
30.05.2024 17:00;13.4
30.05.2024 17:10;13.2
30.05.2024 17:20;12.9
30.05.2024 17:30;11.8
30.05.2024 17:40;11.4
30.05.2024 17:50;11.2
30.05.2024 18:00;11.5
30.05.2024 18:10;11.5
30.05.2024 18:20;11.6
30.05.2024 18:30;11.6
30.05.2024 18:40;11.6
30.05.2024 18:50;11.8
30.05.2024 19:00;11.8
30.05.2024 19:10;11.7
30.05.2024 19:20;11.6
30.05.2024 19:30;11.5
30.05.2024 19:40;11.7
30.05.2024 19:50;11.5
30.05.2024 20:00;11.9
30.05.2024 20:10;11.9
30.05.2024 20:20;11.6
30.05.2024 20:30;11.5
30.05.2024 20:40;11.5
30.05.2024 20:50;11.7
30.05.2024 21:00;12
30.05.2024 21:10;11.7
30.05.2024 21:20;11.7
30.05.2024 21:30;11.7
30.05.2024 21:40;11.4
30.05.2024 21:50;11.1
30.05.2024 22:00;11.2
30.05.2024 22:10;11.3
30.05.2024 22:20;11.3
30.05.2024 22:30;11.6
30.05.2024 22:40;11.8
30.05.2024 22:50;11.5
30.05.2024 23:00;11.1
30.05.2024 23:10;11
30.05.2024 23:20;11.5
30.05.2024 23:30;11.7
30.05.2024 23:40;12
30.05.2024 23:50;12.3
31.05.2024 00:00;12.2
31.05.2024 00:10;12.2
31.05.2024 00:20;12.1
31.05.2024 00:30;12.2
31.05.2024 00:40;11.9
31.05.2024 00:50;11.8
31.05.2024 01:00;11.6
31.05.2024 01:10;11.6
31.05.2024 01:20;11.4
31.05.2024 01:30;11.4
31.05.2024 01:40;11.5
31.05.2024 01:50;11.7
31.05.2024 02:00;11.6
31.05.2024 02:10;11.7
31.05.2024 02:20;11.8
31.05.2024 02:30;11.7
31.05.2024 02:40;11.7
31.05.2024 02:50;11.6
31.05.2024 03:00;11.5
31.05.2024 03:10;11.5
31.05.2024 03:20;11.4
31.05.2024 03:30;11.4
31.05.2024 03:40;11.5
31.05.2024 03:50;11.5
31.05.2024 04:00;11.4
31.05.2024 04:10;11.4
31.05.2024 04:20;11.4
31.05.2024 04:30;11.4
31.05.2024 04:40;11.4
31.05.2024 04:50;11.3
31.05.2024 05:00;11.3
31.05.2024 05:10;11.2
31.05.2024 05:20;11.2
31.05.2024 05:30;11.2
31.05.2024 05:40;11.3
31.05.2024 05:50;11.2
31.05.2024 06:00;11.2
31.05.2024 06:10;11.2
31.05.2024 06:20;11.2
31.05.2024 06:30;11.1
31.05.2024 06:40;11
31.05.2024 06:50;11
31.05.2024 07:00;10.7
31.05.2024 07:10;10.6
31.05.2024 07:20;10.7
31.05.2024 07:30;10.8
31.05.2024 07:40;10.8
31.05.2024 07:50;10.8
31.05.2024 08:00;10.8
31.05.2024 08:10;10.8
31.05.2024 08:20;10.8
31.05.2024 08:30;10.9
31.05.2024 08:40;11
31.05.2024 08:50;11
31.05.2024 09:00;10.9
31.05.2024 09:10;11.1
31.05.2024 09:20;11.1
31.05.2024 09:30;11
31.05.2024 09:40;11.1
31.05.2024 09:50;11.1
31.05.2024 10:00;11.1
31.05.2024 10:10;11.3
31.05.2024 10:20;11.3
31.05.2024 10:30;11.6
31.05.2024 10:40;11.5
31.05.2024 10:50;11.6
31.05.2024 11:00;11.5
31.05.2024 11:10;11.6
31.05.2024 11:20;11.3
31.05.2024 11:30;11.2
31.05.2024 11:40;11.4
31.05.2024 11:50;11.4
31.05.2024 12:00;11.4
31.05.2024 12:10;11.1
31.05.2024 12:20;11
31.05.2024 12:30;11.1
31.05.2024 12:40;10.8
31.05.2024 12:50;10.6
31.05.2024 13:00;10.6
31.05.2024 13:10;10.6
31.05.2024 13:20;10.5
31.05.2024 13:30;10.4
31.05.2024 13:40;10.5
31.05.2024 13:50;10.6
31.05.2024 14:00;10.8
31.05.2024 14:10;10.9
31.05.2024 14:20;10.9
31.05.2024 14:30;11.5
31.05.2024 14:40;11.5
31.05.2024 14:50;11
31.05.2024 15:00;11
31.05.2024 15:10;11
31.05.2024 15:20;10.8
31.05.2024 15:30;10.7
31.05.2024 15:40;10.7
31.05.2024 15:50;10.8
31.05.2024 16:00;10.8
31.05.2024 16:10;10.7
31.05.2024 16:20;10.9
31.05.2024 16:30;10.8
31.05.2024 16:40;10.8
31.05.2024 16:50;10.8
31.05.2024 17:00;10.8
31.05.2024 17:10;10.8
31.05.2024 17:20;10.8
31.05.2024 17:30;10.7
31.05.2024 17:40;10.7
31.05.2024 17:50;10.7
31.05.2024 18:00;10.6
31.05.2024 18:10;10.5
31.05.2024 18:20;10.4
31.05.2024 18:30;10.3
31.05.2024 18:40;10.2
31.05.2024 18:50;10.1
31.05.2024 19:00;10.1
31.05.2024 19:10;10.1
31.05.2024 19:20;10
31.05.2024 19:30;9.9
31.05.2024 19:40;9.9
31.05.2024 19:50;9.9
31.05.2024 20:00;9.8
31.05.2024 20:10;9.8
31.05.2024 20:20;9.8
31.05.2024 20:30;9.7
31.05.2024 20:40;9.6
31.05.2024 20:50;9.6
31.05.2024 21:00;9.6
31.05.2024 21:10;9.6
31.05.2024 21:20;9.4
31.05.2024 21:30;9.4
31.05.2024 21:40;9.3
31.05.2024 21:50;9.2
31.05.2024 22:00;9.2
31.05.2024 22:10;9.1
31.05.2024 22:20;9.1
31.05.2024 22:30;9.1
31.05.2024 22:40;9.1
31.05.2024 22:50;9.1
31.05.2024 23:00;9.1
31.05.2024 23:10;9.1
31.05.2024 23:20;9.1
31.05.2024 23:30;9.1
31.05.2024 23:40;9
31.05.2024 23:50;8.9